user_id,restaurant_id,rating,time_morning,time_noon,time_evening,occasion_business,occasion_private,weather_warm,weather_cold
001,50,2,-,0,0,-,0,0,0
001,13,2,-,0,0,-,0,0,0
001,5,4,+,0,0,0,0,0,+
001,30,4,-,0,0,0,0,0,0
001,42,3,-,0,0,+,0,0,0
001,10,2,+,0,0,-,0,0,0
001,46,3,0,0,0,-,0,+,0
001,48,3,-,0,0,-,0,+,0
001,11,5,+,+,0,+,+,+,0
001,12,5,0,+,+,0,+,+,0
001,35,4,0,0,0,+,+,0,0
001,47,4,-,0,0,+,0,0,0
001,40,3,-,0,0,-,0,0,0
001,2,2,-,-,+,-,0,+,-
001,23,4,-,0,+,+,+,+,0
001,43,3,0,0,0,+,0,+,0
001,29,4,+,+,-,0,+,+,0
001,34,3,-,0,0,0,0,+,0
001,15,1,-,0,0,-,-,+,-
001,3,2,+,0,0,-,0,+,-
002,2,4,0,+,+,+,+,+,+
002,40,3,0,+,+,-,0,0,0
002,11,5,+,0,0,-,0,0,0
002,43,3,-,0,+,+,-,+,0
002,13,4,0,0,+,-,+,0,0
002,10,3,+,+,-,0,+,+,0
002,30,5,-,-,+,+,+,+,+
002,29,3,+,+,+,-,+,0,0
002,35,3,-,+,+,0,0,0,0
002,42,3,-,-,+,0,+,+,0
002,46,4,0,+,-,+,+,+,+
002,50,3,-,+,+,+,+,0,0
002,15,3,-,0,-,-,+,+,+
002,5,2,+,-,-,+,+,+,+
002,48,3,-,0,-,0,0,0,0
002,34,2,-,-,+,+,+,0,0
002,47,3,0,0,+,+,-,0,0
002,23,3,-,-,+,+,0,0,0
002,12,2,-,-,+,0,+,0,0
002,3,3,+,-,-,+,0,0,0
003,34,3,0,0,+,+,+,+,0
003,13,5,0,0,+,0,0,+,0
003,5,4,0,0,0,0,0,-,0
003,42,3,0,0,+,0,0,0,-
003,47,4,0,0,+,0,0,-,-
003,50,4,0,+,+,0,0,+,+
003,43,3,0,0,+,0,0,0,+
003,46,5,0,+,0,-,-,0,0
003,48,2,0,+,0,+,+,-,0
003,11,3,+,+,+,+,0,+,+
003,29,3,0,0,0,0,0,0,0
003,30,3,0,0,+,0,+,0,0
003,15,4,0,0,0,+,-,+,+
003,12,2,0,+,0,0,0,-,0
003,35,3,0,+,+,-,+,0,0
003,3,4,+,0,+,0,0,0,-
003,2,3,0,0,+,0,0,-,0
003,10,5,0,0,+,+,-,0,+
003,23,4,0,0,0,0,0,0,0
003,40,4,0,0,+,-,+,0,-
004,5,4,+,+,-,0,+,+,-
004,2,2,-,0,0,-,0,0,0
004,13,3,-,0,0,-,+,0,0
004,46,3,-,0,+,0,0,0,0
004,40,4,-,0,0,-,0,0,0
004,15,4,-,0,0,-,+,0,0
004,29,3,0,0,0,-,0,0,-
004,10,3,+,0,-,0,-,+,0
004,3,4,+,+,-,0,0,+,-
004,50,2,-,+,+,-,0,+,0
004,35,2,-,+,+,0,0,+,0
004,48,2,-,0,+,0,0,+,0
004,12,3,-,0,+,+,+,+,-
004,34,4,-,0,+,0,+,+,0
004,30,4,-,0,+,0,+,0,+
004,43,2,-,0,+,0,0,0,+
004,23,3,-,+,0,-,-,0,0
004,11,3,+,+,-,+,0,+,0
004,47,3,-,0,+,0,+,0,+
004,42,4,-,+,0,+,0,+,0
005,40,3,-,0,+,-,+,0,+
005,30,4,-,0,+,0,+,+,0
005,12,2,-,0,+,-,+,0,+
005,46,3,0,+,0,-,0,+,0
005,2,4,-,0,+,-,0,-,+
005,3,2,+,0,-,0,+,+,-
005,48,3,0,+,0,-,+,0,0
005,15,4,0,+,0,-,+,-,+
005,34,1,-,+,0,0,0,-,0
005,47,4,0,0,+,-,+,-,+
005,10,3,+,0,-,+,0,0,+
005,50,4,0,+,+,-,0,0,-
005,23,5,-,0,+,0,+,+,0
005,13,2,-,+,0,-,0,+,-
005,35,4,-,+,+,+,+,+,0
005,5,2,+,0,-,+,+,+,0
005,42,5,-,0,+,+,0,0,+
005,43,5,-,+,+,+,+,+,0
005,11,2,+,+,-,+,+,+,0
005,29,3,0,+,+,0,+,-,0
006,10,2,+,0,-,0,+,0,0
006,15,2,0,0,+,0,+,0,0
006,11,3,+,0,-,+,0,0,0
006,47,4,0,0,+,0,+,0,0
006,42,4,-,0,+,0,+,0,0
006,13,5,+,+,+,-,+,+,-
006,43,4,-,0,+,0,0,0,0
006,50,3,0,0,+,-,+,+,-
006,35,2,-,0,+,0,0,0,0
006,48,4,0,0,0,0,0,0,0
006,2,4,-,-,+,+,+,0,0
006,12,5,-,+,+,+,+,0,0
006,29,3,+,0,-,0,0,0,-
006,5,2,0,0,0,0,0,0,0
006,30,4,-,0,+,0,0,0,0
006,23,2,0,0,0,0,+,0,0
006,3,4,+,+,+,+,+,+,-
006,34,5,-,-,0,+,0,0,0
006,40,4,-,+,+,+,0,0,0
006,46,4,-,+,+,+,+,0,0
007,47,3,0,0,+,0,+,0,+
007,10,4,+,+,0,0,+,+,0
007,48,3,0,0,0,-,0,0,0
007,30,4,0,0,+,0,0,0,0
007,5,5,+,+,0,-,+,+,0
007,34,3,0,0,0,0,0,0,0
007,12,3,0,0,0,-,0,+,0
007,35,3,0,0,0,-,0,0,0
007,13,4,0,0,+,0,+,0,0
007,2,4,0,0,0,0,+,0,0
007,40,3,0,0,0,0,0,0,0
007,15,3,0,0,0,0,0,0,0
007,29,5,0,0,0,0,0,+,0
007,23,3,0,0,0,0,0,0,0
007,42,4,0,0,0,0,0,0,0
007,50,4,0,0,+,0,+,0,0
007,11,5,+,0,0,0,+,+,0
007,3,4,+,0,0,0,0,+,0
007,46,3,0,0,0,0,0,0,0
007,43,5,0,0,+,0,0,0,+
008,3,3,+,+,-,0,+,+,-
008,13,3,-,-,+,-,0,+,0
008,35,2,-,0,0,-,0,0,0
008,2,3,-,-,+,0,0,+,-
008,42,4,-,-,+,0,0,0,0
008,29,4,0,+,-,-,0,0,0
008,23,4,-,-,+,-,0,+,-
008,50,1,-,0,0,-,0,0,0
008,30,4,-,-,+,0,0,+,-
008,12,3,-,-,+,-,+,+,-
008,34,3,-,-,+,0,0,+,-
008,5,4,+,+,-,+,0,+,-
008,46,4,-,+,0,-,0,+,-
008,15,5,-,+,0,-,0,+,-
008,43,4,-,-,+,+,0,+,-
008,10,3,+,-,-,+,0,0,0
008,11,3,+,-,-,+,0,+,-
008,48,4,-,+,0,-,0,+,-
008,47,4,-,-,+,-,0,0,0
008,40,4,-,-,+,-,0,0,0
009,3,4,+,+,0,0,+,+,0
009,40,4,-,-,+,-,0,0,0
009,42,4,-,-,+,-,0,0,0
009,50,3,-,+,+,-,0,0,0
009,48,4,0,+,0,0,0,0,0
009,15,3,-,0,0,-,0,+,0
009,34,4,0,0,+,0,0,+,0
009,30,4,0,0,+,0,0,+,0
009,43,4,0,0,+,0,0,+,0
009,2,4,0,0,+,-,0,+,0
009,10,3,+,+,0,0,0,0,0
009,46,3,0,+,0,-,0,+,0
009,11,4,+,+,0,0,0,+,0
009,5,4,+,+,0,0,0,+,0
009,35,4,-,+,+,0,0,+,0
009,13,3,-,-,+,0,0,+,0
009,47,3,0,0,+,-,0,0,0
009,29,3,0,+,+,0,0,0,0
009,12,4,-,0,+,-,0,+,0
009,23,4,-,0,+,-,0,+,0
010,47,3,0,0,0,0,0,0,0
010,43,3,-,0,0,0,0,0,0
010,12,4,0,0,0,0,+,+,0
010,50,2,-,0,0,-,0,0,0
010,40,4,0,0,0,0,0,0,0
010,46,4,0,0,0,0,0,0,0
010,5,4,+,0,0,0,0,0,0
010,13,2,-,0,0,-,0,0,0
010,10,3,+,0,0,0,-,-,0
010,15,4,0,0,0,0,0,0,0
010,2,4,-,0,+,0,0,0,0
010,34,4,-,0,0,0,0,0,0
010,48,2,-,0,0,-,0,0,0
010,30,4,-,0,0,0,0,0,0
010,3,4,+,0,-,0,0,0,0
010,23,3,-,0,0,0,0,0,0
010,11,5,+,0,0,0,0,0,0
010,35,2,-,0,0,0,0,0,0
010,42,4,-,0,0,0,0,0,0
010,29,3,0,0,0,0,0,0,0
011,30,4,-,0,+,-,+,0,0
011,13,2,-,0,+,-,+,0,0
011,23,3,-,0,0,-,0,0,0
011,43,2,-,0,+,-,+,0,0
011,11,4,+,0,-,0,+,0,0
011,3,4,+,0,0,0,0,0,0
011,5,4,+,0,0,0,0,0,0
011,10,4,0,0,0,+,0,0,0
011,40,4,-,0,+,0,+,-,+
011,2,2,-,-,0,-,0,0,0
011,48,3,-,+,0,-,0,0,0
011,50,4,-,0,0,-,+,0,0
011,34,4,-,0,+,+,+,+,-
011,46,4,-,+,0,0,0,0,0
011,15,5,-,0,0,-,+,+,0
011,42,5,0,0,+,+,+,0,0
011,35,3,0,0,0,-,0,0,0
011,29,2,-,-,-,-,-,-,0
011,47,3,0,0,+,+,+,0,0
011,12,5,-,-,+,0,+,+,-
012,11,4,+,0,-,0,+,+,-
012,50,3,-,0,+,-,+,0,0
012,40,4,-,0,+,-,+,0,0
012,48,3,-,+,0,0,+,+,-
012,34,3,-,+,+,0,0,+,-
012,15,4,-,+,+,0,+,+,-
012,5,4,+,0,-,+,+,+,-
012,3,3,+,0,-,+,+,+,-
012,2,4,-,-,+,+,+,+,-
012,30,3,-,0,+,0,0,+,-
012,42,5,-,+,+,0,+,0,0
012,35,2,-,+,+,-,-,+,-
012,29,4,0,0,-,-,+,0,0
012,47,5,-,0,+,0,+,0,0
012,13,2,-,+,+,-,+,+,-
012,43,4,-,0,+,0,+,+,-
012,10,3,+,0,-,-,+,0,0
012,12,4,-,0,+,-,+,+,-
012,23,2,-,0,+,-,0,+,-
012,46,4,-,+,0,0,+,+,-
013,30,5,-,0,+,+,+,0,0
013,15,4,0,+,-,-,0,+,0
013,11,5,+,+,0,+,+,+,0
013,3,3,+,+,-,-,0,0,0
013,12,4,0,0,+,+,0,+,-
013,34,4,-,+,+,0,+,0,0
013,10,2,+,0,-,0,+,0,0
013,46,3,0,+,0,0,0,0,0
013,43,4,0,0,+,+,+,0,0
013,35,3,0,+,0,-,0,0,0
013,13,2,-,+,+,0,0,0,0
013,40,4,0,0,+,+,+,0,0
013,50,3,0,+,+,-,+,+,0
013,23,4,0,0,+,+,+,0,0
013,42,2,-,0,+,0,0,0,0
013,5,4,+,+,0,+,0,0,0
013,48,3,0,+,0,-,+,0,0
013,47,3,0,0,+,+,+,0,0
013,2,3,0,0,+,+,+,+,-
013,29,4,+,+,+,+,+,0,0
014,46,4,-,+,0,+,+,0,0
014,15,4,-,+,0,-,0,+,0
014,35,4,-,+,+,0,+,0,0
014,50,3,0,+,+,-,+,0,0
014,23,3,-,0,0,0,0,0,-
014,2,3,-,-,+,-,0,0,0
014,34,4,0,+,+,+,+,-,-
014,47,2,-,-,+,+,-,0,0
014,48,4,0,+,+,-,+,+,0
014,11,3,+,+,-,-,0,0,0
014,42,5,-,-,+,+,+,0,0
014,5,3,0,+,0,0,+,+,-
014,12,3,-,+,+,-,+,-,-
014,40,3,-,0,+,+,+,0,0
014,29,2,0,+,-,0,0,+,-
014,10,2,+,0,-,-,0,0,0
014,13,2,-,+,+,-,0,0,-
014,3,3,+,+,0,0,+,+,-
014,43,2,-,-,+,+,-,0,0
014,30,3,-,+,+,-,0,0,0
015,29,2,-,+,0,+,0,+,-
015,2,4,-,0,+,-,+,+,-
015,50,4,-,+,+,-,+,-,+
015,13,4,-,0,+,-,0,+,-
015,23,3,-,0,+,0,0,0,0
015,3,3,+,+,-,-,+,+,-
015,43,4,-,+,+,+,+,+,+
015,12,3,-,+,+,+,+,+,-
015,10,3,+,+,-,0,+,0,+
015,5,5,+,+,+,0,+,+,0
015,40,5,-,+,+,-,+,0,0
015,34,4,-,+,+,0,+,+,0
015,35,5,-,+,+,+,+,+,0
015,48,3,-,+,+,0,0,+,-
015,46,2,-,+,+,0,0,+,-
015,47,3,0,0,+,0,+,-,0
015,30,5,0,+,+,+,+,+,0
015,42,4,-,+,+,+,0,0,0
015,11,3,+,+,0,+,0,+,0
015,15,4,-,+,0,0,0,+,-
016,50,2,-,+,+,-,+,0,0
016,5,4,+,+,-,0,+,+,0
016,40,4,-,-,+,+,+,-,0
016,12,4,-,0,+,-,+,+,-
016,47,3,-,-,+,+,-,-,0
016,13,3,-,-,+,-,+,0,0
016,30,3,-,-,+,-,+,+,0
016,35,2,-,+,+,-,+,+,0
016,46,5,-,+,0,0,+,+,0
016,11,5,+,+,-,-,+,+,0
016,34,4,-,0,+,0,0,+,0
016,15,3,-,+,-,-,0,+,-
016,2,4,-,-,+,-,+,+,0
016,48,3,-,+,-,-,+,+,-
016,23,4,-,0,+,+,0,+,0
016,42,4,-,0,+,0,+,-,0
016,3,4,+,+,-,-,+,+,0
016,10,3,+,-,-,-,+,-,0
016,43,5,-,-,+,+,0,+,0
016,29,3,-,+,-,-,+,-,0
017,5,4,+,+,0,+,+,+,0
017,50,3,-,0,+,-,+,-,-
017,3,4,+,+,-,0,+,+,0
017,2,4,-,0,+,0,0,+,-
017,11,5,+,+,-,+,+,+,0
017,47,4,-,0,+,0,+,-,+
017,34,5,-,+,+,0,+,+,0
017,30,4,-,0,+,0,0,+,0
017,43,5,-,0,+,+,+,+,0
017,42,3,0,0,+,0,0,-,0
017,48,4,-,+,0,-,0,+,0
017,40,4,-,0,+,-,0,-,0
017,35,3,0,+,+,0,0,+,0
017,46,3,0,+,0,0,0,+,0
017,15,2,-,+,-,-,0,+,-
017,12,3,-,0,+,0,0,+,-
017,13,3,-,0,+,-,0,0,0
017,29,4,0,+,0,0,+,0,0
017,23,3,-,0,+,-,0,0,0
017,10,4,+,+,-,0,+,0,0
018,10,4,+,0,0,+,+,+,-
018,3,4,0,0,0,0,+,+,0
018,48,3,-,+,0,-,0,+,0
018,34,4,-,0,0,0,0,0,0
018,2,4,0,0,+,+,+,-,0
018,11,5,+,0,0,+,+,+,0
018,29,2,0,0,0,-,0,0,+
018,23,4,-,0,+,+,+,+,0
018,50,2,0,+,+,-,0,0,0
018,40,3,-,0,+,-,+,-,0
018,15,3,-,+,0,-,-,+,0
018,46,3,-,+,0,+,+,+,0
018,12,4,+,+,+,+,+,+,-
018,35,4,-,+,+,0,+,+,0
018,43,5,-,0,+,+,0,+,0
018,13,2,-,0,+,-,-,+,-
018,5,4,+,0,0,-,0,+,+
018,47,3,-,0,+,+,0,0,0
018,30,5,-,0,+,+,-,+,0
018,42,3,-,0,+,+,0,0,0
019,35,3,-,0,0,-,+,+,0
019,3,3,+,+,0,-,+,+,0
019,5,3,+,+,0,0,0,+,0
019,29,2,-,-,+,+,0,-,0
019,2,3,-,-,+,0,+,+,0
019,11,4,+,+,-,+,+,+,0
019,48,3,-,0,0,-,0,+,0
019,40,3,-,-,0,-,0,0,0
019,15,2,-,0,-,-,-,+,0
019,47,3,-,-,0,0,0,-,0
019,34,3,-,-,+,0,+,+,0
019,42,3,-,-,+,+,0,-,0
019,10,3,+,-,-,0,0,-,0
019,43,3,-,-,+,0,0,+,0
019,12,3,-,-,+,-,0,+,0
019,13,2,-,-,+,-,0,+,0
019,23,3,-,-,+,+,0,+,0
019,30,4,-,-,+,0,+,+,0
019,50,3,-,+,-,-,0,-,0
019,46,3,-,+,-,-,0,+,0
020,29,4,-,+,0,-,+,-,+
020,13,2,-,+,+,-,+,0,0
020,50,3,-,+,+,-,+,-,0
020,34,4,-,0,+,0,+,+,0
020,2,4,-,0,+,-,+,+,0
020,43,5,-,+,+,0,+,+,0
020,35,3,-,+,+,-,+,+,0
020,23,3,-,0,+,-,+,+,0
020,12,4,-,0,+,0,+,+,-
020,46,3,-,+,0,-,+,+,0
020,47,5,-,0,+,0,+,-,+
020,30,4,-,0,+,0,+,+,0
020,10,4,+,0,-,-,+,-,+
020,40,4,-,0,+,0,+,-,+
020,3,4,+,0,-,0,+,+,0
020,15,3,-,+,0,-,+,+,0
020,5,4,+,0,-,0,+,+,0
020,11,4,+,0,-,-,+,+,0
020,42,4,-,0,+,0,+,-,+
020,48,3,-,+,0,-,+,+,0
021,12,4,-,-,+,0,+,+,+
021,29,3,+,+,-,+,+,+,+
021,2,4,-,+,+,-,+,+,+
021,10,3,+,+,-,-,+,+,+
021,5,4,+,+,-,+,+,+,+
021,13,2,-,+,+,-,+,+,-
021,47,3,-,-,+,+,+,+,+
021,34,2,-,+,+,-,+,+,+
021,43,4,-,-,+,+,-,+,+
021,40,3,-,-,+,-,+,+,+
021,11,4,+,+,-,+,+,+,+
021,48,3,-,+,-,-,+,+,+
021,46,4,-,+,-,+,+,+,+
021,35,3,-,+,+,-,+,+,+
021,50,2,-,+,+,-,+,+,-
021,42,4,-,-,+,+,+,+,+
021,3,3,+,+,-,+,+,+,+
021,23,2,-,-,+,-,+,+,+
021,15,3,-,+,-,-,+,+,+
021,30,4,-,-,+,-,+,+,+
022,2,3,-,0,+,0,+,+,+
022,46,3,-,+,0,0,0,0,0
022,11,4,+,-,-,-,+,0,0
022,13,4,-,0,-,-,+,+,0
022,15,4,-,0,+,+,0,0,0
022,12,5,-,-,+,-,+,0,0
022,50,3,-,0,0,-,+,0,0
022,40,3,-,0,+,0,0,0,+
022,3,3,+,+,-,+,+,+,+
022,47,2,-,0,0,0,0,0,0
022,30,4,-,0,0,+,+,0,0
022,42,3,0,+,+,0,0,0,0
022,43,2,-,0,0,-,+,0,0
022,10,3,-,0,+,0,+,0,0
022,34,4,0,0,0,0,+,0,0
022,29,2,-,+,-,+,+,+,-
022,48,3,-,0,0,+,+,0,0
022,35,3,-,0,+,0,+,0,0
022,5,2,+,0,-,+,+,+,+
022,23,2,-,0,+,0,+,0,0
023,47,4,-,0,+,+,+,-,+
023,50,3,-,+,-,-,0,+,0
023,48,4,-,+,0,-,+,+,0
023,12,2,-,0,+,-,+,+,-
023,2,3,-,-,+,-,+,0,0
023,43,3,-,0,+,+,0,0,0
023,42,3,-,0,+,0,+,-,0
023,23,4,-,-,+,0,0,+,0
023,10,3,+,0,0,-,+,-,+
023,35,3,-,+,0,-,+,0,0
023,40,4,-,0,+,0,+,+,0
023,34,3,-,0,0,-,0,0,0
023,3,3,+,+,-,0,+,+,0
023,46,3,-,+,0,-,+,+,0
023,11,3,+,+,0,0,+,+,0
023,13,2,-,-,0,-,0,+,0
023,29,2,0,+,-,-,-,-,0
023,5,3,+,+,0,0,0,+,0
023,30,4,-,0,+,0,+,+,0
023,15,3,-,+,-,-,0,0,0
024,35,4,-,+,+,0,+,0,-
024,12,4,-,-,+,-,+,0,-
024,3,4,+,0,-,-,0,0,-
024,13,3,-,0,+,-,+,0,-
024,15,3,-,+,0,-,0,+,-
024,2,4,-,0,+,0,+,0,-
024,23,3,-,0,+,-,0,0,-
024,48,4,-,+,0,0,0,0,-
024,47,3,-,0,+,-,0,+,0
024,29,3,0,0,+,0,0,+,0
024,43,3,0,0,+,0,+,+,0
024,50,4,0,+,+,0,0,0,0
024,34,4,-,0,+,0,+,+,-
024,42,4,-,0,+,0,+,0,0
024,10,4,+,0,-,0,+,0,0
024,40,4,-,0,+,-,+,0,0
024,5,3,+,0,-,0,+,+,-
024,30,3,-,0,+,+,+,+,-
024,11,4,+,0,-,+,+,+,-
024,46,4,-,+,0,+,+,+,-
025,3,4,+,+,-,0,+,+,0
025,29,2,+,0,-,-,0,-,0
025,15,5,-,+,+,-,+,0,0
025,23,4,-,-,+,0,0,0,0
025,40,4,-,0,+,0,+,0,+
025,2,3,-,0,0,0,0,+,0
025,13,3,-,-,+,-,+,0,0
025,46,3,-,0,0,-,0,+,-
025,10,4,+,+,-,0,+,0,0
025,47,4,-,0,+,0,0,0,0
025,35,5,-,+,+,+,0,+,0
025,11,4,+,+,-,+,+,+,0
025,50,4,-,0,+,-,+,0,0
025,48,5,-,+,+,-,+,0,0
025,43,2,-,0,+,0,0,0,0
025,12,4,-,-,+,-,+,+,-
025,5,3,+,+,-,0,0,+,0
025,42,3,-,0,+,+,+,0,0
025,30,3,-,0,+,0,+,+,0
025,34,3,-,0,+,-,+,0,0
026,29,3,+,0,-,+,0,0,+
026,11,5,+,+,0,0,+,+,0
026,40,3,-,0,+,-,0,0,+
026,34,4,-,0,+,0,+,0,+
026,15,3,-,+,0,-,+,+,0
026,23,4,-,0,+,-,+,+,0
026,42,3,-,0,+,0,0,-,0
026,13,3,-,-,0,-,0,0,0
026,30,5,-,0,+,+,+,+,+
026,12,4,-,+,+,0,+,+,-
026,50,3,-,+,+,-,+,-,+
026,46,4,-,+,0,0,0,+,0
026,43,5,-,+,+,+,+,+,+
026,47,4,-,+,+,+,0,-,+
026,10,3,+,+,-,0,0,-,+
026,3,4,+,+,-,0,0,+,0
026,48,3,-,+,+,-,0,+,-
026,5,4,+,+,0,0,0,+,0
026,35,4,-,+,+,-,+,+,0
026,2,4,-,0,+,0,+,+,0
027,13,3,-,0,-,-,0,+,0
027,3,1,+,+,0,+,+,+,0
027,48,2,-,0,0,0,+,+,0
027,47,3,-,0,+,-,0,-,0
027,35,2,-,+,0,0,+,+,0
027,12,3,-,0,+,-,-,+,0
027,50,2,-,0,0,-,-,-,0
027,23,3,-,0,+,-,+,+,0
027,42,3,-,0,+,-,+,-,0
027,43,3,-,0,+,0,0,+,0
027,2,4,-,0,+,0,0,+,0
027,29,2,+,0,0,0,+,-,0
027,34,3,-,-,0,0,0,+,0
027,10,4,+,+,0,+,0,-,0
027,11,5,+,+,0,+,+,+,0
027,46,4,0,0,0,0,0,+,0
027,5,3,+,0,0,-,+,+,0
027,30,4,-,0,0,-,0,+,0
027,40,3,-,0,0,-,0,-,0
027,15,3,-,+,-,-,0,+,0
028,42,4,-,0,+,+,0,-,+
028,30,4,-,0,+,0,+,+,0
028,10,3,+,0,-,0,+,0,0
028,13,3,0,0,+,-,0,0,-
028,15,2,-,0,0,-,0,0,0
028,12,3,-,0,+,0,+,+,-
028,50,4,0,+,+,-,0,0,0
028,5,3,+,0,-,-,+,+,+
028,47,5,-,0,+,0,+,0,+
028,35,2,-,0,0,0,0,+,0
028,11,2,+,0,-,0,+,+,0
028,2,3,-,0,+,-,0,+,0
028,34,3,-,0,+,-,0,+,0
028,40,3,-,0,+,-,0,-,0
028,43,4,-,0,+,+,+,+,0
028,48,3,-,+,-,-,0,+,0
028,29,3,+,+,+,-,0,-,+
028,23,4,-,0,+,+,+,+,+
028,3,3,+,0,-,0,0,+,0
028,46,3,-,+,0,-,0,+,0
029,46,2,+,-,-,-,0,+,-
029,42,3,0,0,0,0,0,0,0
029,3,3,+,0,0,0,+,+,0
029,43,4,0,0,+,-,0,+,0
029,30,3,0,0,+,0,0,+,0
029,29,2,0,0,0,-,+,0,-
029,40,4,0,0,+,0,0,0,0
029,47,4,0,+,+,+,0,0,+
029,48,2,-,+,0,-,-,+,-
029,5,3,+,0,-,-,+,+,-
029,13,1,-,0,+,-,+,+,0
029,50,1,-,0,+,-,+,+,-
029,11,3,+,0,-,0,0,0,0
029,15,3,-,+,0,0,-,+,0
029,12,3,-,+,+,-,+,+,-
029,35,2,-,0,+,-,+,0,0
029,23,4,0,+,+,0,0,+,0
029,10,3,+,+,-,-,0,0,0
029,34,2,-,0,0,-,0,+,0
029,2,3,-,0,+,-,+,+,0
030,40,4,0,0,+,+,+,0,0
030,5,3,+,0,0,0,+,+,0
030,15,3,0,0,0,-,0,-,0
030,3,4,0,0,+,+,0,0,0
030,13,4,-,+,0,0,+,+,-
030,2,3,0,0,+,+,0,0,0
030,43,5,-,0,+,+,0,0,0
030,46,4,0,0,+,0,+,+,0
030,47,3,0,0,0,+,0,-,0
030,34,2,-,+,0,0,0,0,0
030,30,4,-,+,0,0,0,0,0
030,42,5,-,0,+,+,+,0,0
030,11,4,+,0,0,0,0,0,+
030,29,3,0,0,0,+,-,+,0
030,50,3,-,+,0,+,0,+,-
030,35,2,-,0,+,+,+,0,0
030,23,4,-,+,+,+,+,0,0
030,10,3,+,0,0,0,0,0,0
030,48,4,0,+,0,0,0,0,0
030,12,5,+,+,+,+,+,+,+
031,15,3,-,+,0,-,+,0,0
031,3,4,+,+,-,0,+,+,+
031,34,4,-,+,+,-,+,+,+
031,13,2,-,+,0,-,+,+,-
031,40,4,-,0,+,-,+,0,+
031,5,5,+,+,+,+,+,+,+
031,23,4,-,+,+,-,+,+,+
031,2,3,-,0,+,-,+,0,+
031,48,3,-,0,+,-,+,+,+
031,47,4,-,0,+,-,+,-,+
031,10,3,+,+,-,+,+,-,+
031,29,4,+,+,-,+,-,0,+
031,11,5,+,+,0,0,+,+,+
031,50,2,-,0,+,-,+,-,0
031,42,3,-,+,+,+,+,-,+
031,46,3,-,+,+,-,+,+,+
031,12,4,-,+,+,-,+,+,-
031,35,4,-,+,+,-,+,0,+
031,43,5,-,+,+,+,+,+,+
031,30,5,-,+,+,-,+,+,+
032,30,4,-,0,+,0,0,+,0
032,2,3,-,-,+,0,0,+,0
032,29,3,+,+,-,+,0,0,+
032,15,2,-,+,0,0,+,+,0
032,43,3,-,0,+,+,-,+,0
032,50,2,-,+,+,-,+,0,0
032,46,4,-,+,0,0,0,+,0
032,13,2,-,-,+,-,+,+,-
032,23,3,-,0,+,0,0,+,0
032,10,2,+,-,-,0,0,0,0
032,42,3,-,0,+,+,0,0,0
032,47,4,-,0,+,+,-,0,0
032,40,3,-,0,+,0,0,0,0
032,12,4,-,0,+,0,0,+,0
032,48,2,-,+,0,0,0,+,0
032,5,3,+,0,-,0,0,+,0
032,34,2,-,0,+,0,0,+,0
032,35,2,-,+,+,0,0,+,0
032,11,4,+,0,-,0,0,+,0
032,3,4,+,0,-,0,0,+,0
033,29,3,+,0,+,-,+,+,0
033,23,4,-,0,+,0,+,0,+
033,12,5,-,0,+,0,0,+,-
033,30,4,-,+,+,-,+,0,+
033,2,4,-,0,+,+,+,0,-
033,42,4,-,0,+,0,+,0,0
033,34,3,-,+,0,-,+,-,+
033,15,4,0,+,0,0,0,+,-
033,43,5,-,0,+,+,0,0,+
033,35,4,-,+,+,0,+,0,+
033,10,5,+,+,-,0,+,+,-
033,11,3,+,0,0,0,0,0,0
033,5,4,+,0,-,-,+,+,0
033,3,3,+,0,-,-,0,0,0
033,48,4,0,0,0,0,+,0,+
033,40,4,-,0,+,0,0,0,+
033,46,4,-,0,0,+,0,+,0
033,47,5,-,0,+,+,+,0,+
033,13,3,0,0,0,-,+,0,-
033,50,3,0,0,0,-,+,0,-
034,12,4,-,+,+,+,+,+,-
034,15,2,-,0,0,-,+,0,0
034,50,4,-,+,0,-,+,+,-
034,48,4,-,+,+,0,+,0,+
034,34,3,-,+,0,-,+,+,-
034,13,2,-,+,0,-,+,+,-
034,29,2,+,+,-,-,+,0,+
034,46,3,-,+,+,0,+,+,+
034,23,2,-,+,+,0,+,0,+
034,3,3,+,+,-,-,+,+,+
034,30,4,-,+,+,0,+,+,+
034,42,3,0,0,0,+,+,+,+
034,35,4,0,0,0,+,+,+,+
034,2,2,-,-,+,+,+,+,+
034,40,4,-,+,+,+,+,+,+
034,47,3,-,+,+,+,+,0,+
034,10,2,-,+,+,-,+,-,+
034,43,4,-,-,+,+,+,+,+
034,11,3,+,-,-,-,+,+,0
034,5,3,+,-,-,-,+,+,0
035,48,2,0,+,0,0,+,+,0
035,15,2,-,+,0,-,0,+,0
035,35,4,-,+,+,-,+,+,0
035,43,1,-,0,+,0,+,+,0
035,12,2,-,0,+,0,+,+,0
035,47,3,-,0,+,0,0,0,+
035,29,3,0,+,0,-,+,0,+
035,2,4,-,0,+,-,0,+,0
035,40,2,-,0,+,+,0,0,+
035,50,3,-,+,+,0,0,0,+
035,13,3,-,0,+,-,-,+,0
035,23,4,-,0,+,0,-,+,0
035,30,3,-,0,+,+,0,+,0
035,34,2,-,0,+,+,+,+,0
035,11,3,+,0,-,+,+,+,0
035,3,1,+,+,-,+,0,+,0
035,42,3,-,0,+,+,0,0,+
035,5,2,+,+,-,0,+,+,0
035,46,4,0,+,0,-,0,+,0
035,10,3,+,+,-,+,0,0,+
036,3,4,0,0,-,+,0,+,0
036,10,3,+,0,-,+,+,-,0
036,35,2,-,+,+,-,-,+,0
036,50,2,-,+,0,-,+,-,0
036,11,2,+,-,-,,,0,-
036,12,4,-,0,+,+,-,-,0
036,5,3,+,-,-,-,+,0,+
036,23,2,-,0,+,0,0,+,0
036,2,4,-,0,+,-,-,0,-
036,48,4,-,0,-,-,-,-,0
036,29,3,0,+,+,0,0,-,+
036,46,4,-,+,-,+,0,0,0
036,30,3,-,0,+,0,-,0,-
036,34,4,-,0,+,-,-,0,0
036,43,4,-,0,+,0,0,-,+
036,15,3,-,+,-,-,0,0,0
036,42,2,-,0,+,0,0,0,-
036,47,3,-,0,+,0,-,0,0
036,40,4,-,0,+,0,-,0,+
036,13,2,-,0,+,0,+,-,0
037,15,2,-,0,-,-,0,+,-
037,43,4,-,0,+,0,+,0,0
037,29,3,0,+,-,0,+,+,0
037,40,2,-,0,+,0,+,0,0
037,42,3,-,0,0,-,0,0,-
037,11,4,+,0,-,-,+,+,0
037,30,4,-,0,+,0,+,0,0
037,12,4,-,-,+,-,+,+,-
037,10,3,+,0,-,-,+,+,0
037,46,2,-,+,+,-,0,0,-
037,13,1,-,-,-,-,-,-,-
037,34,3,-,0,+,0,+,0,0
037,50,1,-,-,-,-,-,-,-
037,23,2,-,-,0,-,0,0,0
037,3,4,0,+,-,0,+,0,0
037,35,1,-,-,-,-,-,-,-
037,48,3,-,0,+,-,0,0,0
037,5,4,+,0,-,+,+,+,0
037,47,3,-,-,+,0,0,0,0
037,2,2,-,-,+,0,0,0,-
038,43,5,-,+,+,+,+,+,0
038,42,3,-,0,0,-,+,-,0
038,11,4,+,0,0,+,0,+,0
038,40,4,0,0,+,-,0,-,+
038,30,5,0,+,+,0,+,+,0
038,10,4,+,+,0,-,0,-,0
038,50,4,0,+,0,-,+,-,0
038,29,3,+,+,-,+,-,-,+
038,3,4,+,+,-,0,+,+,0
038,2,4,-,-,+,-,+,+,0
038,47,4,-,0,+,0,-,-,0
038,13,3,-,-,+,-,+,+,-
038,5,4,+,+,-,+,+,+,0
038,15,3,0,+,0,-,0,+,0
038,35,4,0,0,+,-,+,+,0
038,12,4,-,+,+,-,+,+,+
038,34,3,-,0,0,0,0,+,0
038,46,5,0,+,+,0,+,+,0
038,23,4,0,0,+,0,+,+,0
038,48,4,0,+,0,-,+,+,0
040,40,2,,,,-,-,0,0
040,11,4,+,-,-,-,+,0,0
040,12,1,-,+,+,-,+,+,-
040,35,2,-,+,+,-,0,0,0
040,13,5,+,+,+,-,+,0,0
040,30,4,-,-,+,+,+,0,0
040,23,3,-,0,0,0,0,0,0
040,42,4,-,+,+,+,-,0,0
040,2,2,-,-,+,-,0,0,0
040,15,5,-,+,+,-,+,-,+
040,3,3,+,0,-,-,-,0,0
040,34,5,-,+,+,-,+,0,0
040,5,2,0,0,0,0,0,0,0
040,48,5,+,+,+,-,+,-,+
040,10,3,+,-,-,-,0,0,0
040,47,1,-,-,+,+,-,-,+
040,50,5,-,-,+,-,+,0,0
040,43,4,-,+,+,0,0,-,+
040,46,5,-,+,0,+,+,-,0
040,29,2,-,-,-,-,-,0,0
041,12,3,-,0,+,-,+,+,-
041,11,4,+,0,-,0,0,0,0
041,23,2,-,0,0,0,0,0,0
041,50,3,0,0,0,-,+,0,0
041,40,4,-,0,0,+,0,0,0
041,34,4,0,+,0,0,+,+,0
041,2,3,-,0,+,-,0,+,0
041,42,4,0,0,+,0,+,-,0
041,47,2,-,0,0,+,0,0,+
041,30,4,0,+,+,0,0,0,0
041,13,3,-,0,0,-,+,+,0
041,15,4,-,+,+,0,+,0,0
041,35,4,-,0,+,0,+,+,0
041,48,3,-,0,+,0,0,+,0
041,5,4,+,0,-,0,0,+,0
041,3,3,+,0,-,0,0,-,0
041,10,4,+,0,0,0,0,0,0
041,43,2,,+,+,+,-,+,0
041,46,4,,0,0,0,0,0,0
041,29,1,0,,0,+,-,0,0
042,11,5,+,+,-,0,+,+,+
042,30,4,-,-,+,-,+,+,+
042,35,3,-,+,+,-,+,+,+
042,48,4,-,+,+,-,+,+,+
042,5,5,+,+,-,+,+,+,+
042,12,5,+,+,+,-,+,+,-
042,47,,-,+,+,0,-,-,+
042,23,4,-,+,+,+,+,+,+
042,29,5,-,+,0,+,-,-,+
042,3,4,+,+,-,-,+,+,+
042,42,,-,+,+,+,+,-,+
042,34,2,-,-,-,-,-,+,+
042,2,1,-,-,-,-,-,-,-
042,50,4,-,-,+,-,+,+,+
042,10,4,+,+,-,-,+,-,+
042,43,3,-,+,+,+,0,+,+
042,13,2,-,-,+,-,+,+,+
042,46,3,-,+,+,,+,+,+
042,40,4,-,+,+,-,,-,+
042,15,4,-,+,+,-,,+,+
043,10,4,+,+,0,+,+,-,0
043,47,5,0,0,+,-,+,-,0
043,13,2,0,0,0,-,-,0,0
043,46,4,0,0,+,-,+,+,0
043,2,3,0,0,+,0,0,+,0
043,3,5,+,+,0,+,+,+,0
043,23,3,0,0,0,+,-,+,0
043,35,3,0,0,0,0,0,+,0
043,50,2,0,0,0,0,0,0,0
043,40,5,0,0,+,+,+,-,0
043,30,3,0,0,+,0,+,+,0
043,42,4,0,0,+,+,+,-,0
043,11,5,+,+,0,+,+,+,0
043,43,4,0,0,+,+,-,+,0
043,48,3,0,0,0,0,0,+,0
043,34,2,0,0,+,0,+,+,0
043,12,5,0,0,+,0,+,+,0
043,29,2,0,0,0,-,0,-,0
043,5,5,+,+,0,+,+,+,0
043,15,4,0,0,+,+,+,+,0
044,12,5,-,+,+,-,+,+,-
044,15,4,-,+,+,-,+,+,0
044,23,2,-,0,0,0,0,0,0
044,2,4,-,+,+,0,0,+,0
044,46,4,-,+,+,+,+,+,0
044,42,3,-,+,+,0,+,-,0
044,30,5,-,+,+,-,+,+,0
044,3,4,+,-,-,-,+,+,0
044,13,2,-,-,+,-,-,0,0
044,34,4,-,+,+,+,+,+,0
044,48,4,-,+,+,-,+,+,0
044,29,3,-,+,+,-,+,-,0
044,11,4,+,0,-,-,+,+,0
044,5,2,0,+,0,-,+,+,0
044,50,2,-,0,0,-,0,+,-
044,40,4,-,+,+,-,+,-,0
044,10,3,+,0,-,-,+,-,0
044,47,4,-,+,+,+,+,-,0
044,35,4,-,+,+,0,+,+,0
044,43,3,-,+,+,+,0,+,0
045,42,4,-,-,+,+,0,0,+
045,30,3,-,-,+,0,0,+,0
045,43,3,-,-,+,0,0,0,-
045,12,4,-,-,+,0,0,0,0
045,5,3,+,0,-,-,0,-,-
045,23,4,-,0,+,-,0,+,+
045,3,4,+,0,-,-,0,+,0
045,47,2,-,+,+,0,0,0,-
045,40,2,-,+,+,0,0,-,-
045,29,4,0,+,0,0,0,0,+
045,50,5,0,+,0,+,0,0,0
045,10,4,+,-,0,+,+,+,-
045,46,3,0,0,0,+,+,+,0
045,15,3,0,+,-,0,+,0,+
045,13,1,-,+,0,+,-,0,0
045,2,1,0,+,0,-,0,0,+
045,35,3,0,+,+,0,+,+,0
045,11,3,0,0,0,0,+,0,+
045,34,4,0,0,+,+,+,-,0
045,48,5,0,0,-,-,+,0,-
046,40,4,-,0,+,0,+,0,0
046,5,4,+,0,-,0,+,,
046,48,3,,0,,,,,
046,50,4,,0,0,0,0,0,0
046,15,3,-,-,+,,,,
046,23,2,-,-,-,-,0,0,0
046,2,3,-,0,0,0,0,-,0
046,10,3,0,+,-,0,0,0,0
046,34,1,-,0,0,-,0,0,0
046,13,2,-,-,-,-,-,0,0
046,11,4,0,0,0,+,+,0,+
046,3,3,0,0,0,0,0,0,0
046,42,4,-,0,+,+,+,0,0
046,47,4,-,+,+,0,0,0,0
046,46,3,0,0,0,-,0,0,0
046,30,4,-,+,+,0,0,-,-
046,43,2,-,+,+,0,0,0,0
046,12,3,0,+,+,0,0,0,0
046,29,3,0,0,0,0,0,0,0
046,35,3,0,+,+,0,0,0,0
047,43,5,0,0,0,-,0,0,0
047,2,4,0,0,+,-,0,0,0
047,23,3,0,0,-,-,0,+,0
047,13,3,0,0,0,-,0,0,0
047,35,4,0,0,0,-,0,0,0
047,3,3,0,-,-,0,0,+,-
047,10,3,0,0,0,0,0,0,0
047,40,3,0,0,+,-,0,0,0
047,12,4,-,+,+,-,+,+,-
047,30,4,-,0,0,0,0,+,-
047,48,3,-,0,0,-,0,0,0
047,29,2,+,0,0,0,0,0,0
047,5,2,0,+,0,0,0,+,0
047,11,4,0,0,0,0,0,+,0
047,42,3,0,+,+,0,0,0,0
047,50,3,-,0,0,-,0,0,0
047,46,4,0,+,0,0,0,+,-
047,47,3,0,0,0,-,0,0,0
047,15,2,0,0,-,0,0,0,0
047,34,3,0,+,+,0,0,0,0
048,43,3,0,0,0,0,0,0,0
048,48,5,0,+,+,-,+,+,0
048,11,4,0,+,+,0,0,0,0
048,34,4,-,+,+,0,+,0,+
048,2,1,0,0,0,0,0,0,0
048,35,5,0,0,0,-,0,0,+
048,42,4,0,0,0,0,0,+,0
048,15,5,0,0,0,-,0,0,0
048,3,2,0,+,+,0,0,0,0
048,5,2,0,0,0,0,0,0,0
048,30,5,-,+,+,0,+,-,+
048,13,4,-,+,+,-,+,0,0
048,46,4,0,0,0,0,0,0,0
048,29,1,0,0,0,0,0,0,0
048,10,2,0,+,0,0,0,0,0
048,12,4,0,0,+,0,0,+,-
048,40,5,0,0,+,0,0,0,0
048,23,5,0,0,0,0,0,0,0
048,50,5,-,+,+,-,+,0,0
048,47,2,0,0,0,0,0,0,0
049,3,3,+,-,-,,+,0,0
049,30,4,-,-,+,0,0,0,0
049,47,3,-,-,+,0,0,0,0
049,50,1,-,+,+,-,0,0,0
049,46,1,-,+,-,0,0,0,0
049,11,3,+,-,-,0,0,0,0
049,23,2,-,-,+,0,0,0,0
049,12,4,-,0,0,0,0,+,-
049,15,5,-,+,-,0,0,0,0
049,35,3,-,+,+,0,0,0,0
049,48,2,-,+,-,0,0,0,0
049,10,3,+,-,-,0,0,0,0
049,5,3,+,0,-,0,0,0,0
049,42,4,-,0,+,0,0,0,0
049,13,2,-,-,+,-,+,+,0
049,2,3,-,-,+,-,0,0,0
049,34,4,-,+,0,0,0,0,0
049,29,1,-,-,+,0,0,0,0
049,43,5,-,-,+,0,+,0,0
049,40,4,-,-,+,0,0,0,0
051,46,3,-,+,0,0,-,-,0
051,11,4,+,0,-,-,+,+,+
051,2,3,-,0,0,-,0,0,0
051,50,4,-,-,+,-,+,+,+
051,48,3,-,0,0,-,0,-,0
051,35,4,-,0,+,0,+,+,+
051,15,4,-,0,-,-,+,+,0
051,10,2,+,0,0,0,+,-,0
051,30,4,-,0,+,+,+,+,+
051,47,4,-,0,+,+,0,0,0
051,42,3,-,0,0,-,0,0,0
051,3,4,+,0,-,-,+,+,0
051,23,2,-,-,-,-,+,+,0
051,43,4,-,0,+,0,+,+,0
051,13,4,-,0,+,-,+,+,0
051,34,4,-,0,+,0,+,+,0
051,29,1,-,-,-,-,-,-,-
051,12,5,0,+,+,+,+,+,+
051,40,4,0,0,+,0,+,+,0
051,5,4,+,0,-,0,0,0,0
052,47,3,-,0,0,-,0,-,0
052,34,4,-,0,0,0,0,0,0
052,2,3,-,-,0,0,0,0,0
052,43,4,-,-,,+,0,0,0
052,29,,+,+,-,0,0,-,+
052,5,4,+,0,0,0,0,0,0
052,13,3,-,-,+,-,+,0,0
052,11,5,+,0,-,0,0,0,0
052,46,3,-,0,0,-,0,0,0
052,3,4,+,0,-,-,0,0,0
052,50,2,-,0,0,-,0,-,0
052,23,4,-,-,0,0,0,0,0
052,40,3,-,-,0,-,0,-,0
052,48,2,-,0,0,-,0,-,0
052,10,4,-,0,-,0,0,-,0
052,42,3,-,-,0,+,0,-,0
052,12,4,-,0,0,-,0,0,-
052,15,2,-,0,0,0,0,0,0
052,35,3,-,0,0,0,0,0,0
052,30,3,-,-,0,0,0,0,0
054,23,3,-,0,+,0,+,0,0
054,40,3,-,0,+,-,0,+,0
054,10,3,+,0,-,0,+,+,+
054,46,3,-,0,0,0,+,+,-
054,11,3,+,0,-,0,0,+,-
054,48,4,-,+,0,-,0,0,0
054,42,4,-,0,+,0,+,0,0
054,5,3,0,-,-,0,0,+,-
054,3,2,0,-,-,0,0,0,-
054,12,3,-,0,+,-,0,+,-
054,13,5,0,0,0,-,0,0,0
054,43,4,-,0,+,0,0,0,-
054,34,4,-,0,0,0,0,0,-
054,2,4,-,0,+,+,+,0,0
054,35,3,-,0,0,-,+,0,0
054,47,4,-,0,0,+,0,0,0
054,30,3,0,+,+,0,+,0,0
054,50,4,-,0,0,-,0,0,0
054,15,5,-,0,+,-,+,0,0
054,29,2,0,0,-,-,0,-,+
055,34,3,-,+,-,-,+,0,0
055,23,4,-,-,+,-,+,0,0
055,29,1,0,0,0,-,-,0,0
055,10,4,+,+,-,-,+,-,+
055,3,4,+,+,-,-,+,-,+
055,15,5,-,+,-,-,+,+,+
055,35,4,-,+,+,-,+,0,0
055,43,3,-,-,+,+,+,0,0
055,50,3,-,+,+,-,+,0,0
055,46,3,-,0,0,0,-,0,0
055,12,1,-,-,+,0,-,+,-
055,13,3,-,+,+,0,+,0,0
055,48,5,-,+,+,-,+,0,0
055,42,3,-,+,+,0,+,0,0
055,30,4,-,+,+,-,+,-,0
055,11,5,+,+,-,+,+,+,0
055,2,5,-,-,+,+,+,0,0
055,47,3,-,-,+,+,0,0,0
055,40,4,-,-,+,+,+,0,0
055,5,4,+,+,-,0,+,0,0
056,50,2,0,+,0,-,+,-,+
056,11,3,+,0,0,-,+,0,0
056,29,2,-,+,0,0,0,+,0
056,35,3,-,0,0,0,+,0,0
056,47,1,0,0,0,-,0,0,0
056,23,1,0,0,0,-,0,0,0
056,15,3,0,+,+,-,+,0,+
056,2,4,0,+,+,0,0,-,0
056,5,1,-,0,0,-,-,0,0
056,13,1,-,0,0,-,-,0,0
056,10,4,+,0,0,+,+,+,-
056,12,4,0,0,+,0,+,+,0
056,46,2,0,0,+,0,0,+,+
056,34,2,-,-,0,-,0,0,0
056,3,3,0,+,+,0,0,0,0
056,42,4,0,0,+,0,+,0,0
056,30,4,0,0,+,0,+,+,+
056,48,4,0,+,0,0,+,0,0
056,40,4,0,0,+,+,+,0,+
056,43,3,0,0,+,0,0,+,+
058,35,4,+,+,0,0,+,0,-
058,29,3,0,-,0,-,0,0,+
058,42,4,-,0,+,0,0,-,0
058,5,3,0,0,-,-,-,+,+
058,50,4,-,0,-,+,0,0,-
058,13,5,0,+,0,0,+,-,0
058,48,3,0,-,+,+,0,0,+
058,10,4,+,+,0,-,+,+,0
058,43,3,0,-,-,-,+,+,+
058,46,5,-,0,0,-,0,-,+
058,12,3,-,0,0,+,+,+,+
058,11,5,-,0,+,+,0,0,0
058,47,5,0,-,0,0,0,-,-
058,23,3,-,0,+,0,+,0,0
058,3,4,-,0,0,-,+,-,-
058,34,1,0,0,+,+,+,0,0
058,15,2,-,0,-,-,-,0,+
058,30,3,0,0,0,-,-,-,-
058,2,4,+,0,-,+,-,0,+
058,40,4,0,+,-,+,0,+,-
063,29,4,+,+,0,,+,0,0
063,50,2,,+,-,+,,0,0
063,42,4,-,0,+,+,+,+,+
063,48,3,-,+,0,+,+,+,+
063,47,2,-,-,+,-,+,+,+
063,43,4,-,0,+,+,+,+,+
063,34,4,-,+,+,+,+,+,+
063,35,4,-,+,+,+,+,+,+
063,23,1,-,-,0,-,+,+,+
063,30,5,-,+,+,+,+,0,0
063,10,5,+,+,-,+,+,+,+
063,11,5,+,+,-,+,+,+,+
063,2,3,-,-,+,-,0,0,0
063,13,1,-,-,+,-,0,0,0
063,12,1,-,+,+,-,+,+,0
063,15,4,0,+,-,-,+,-,0
063,3,4,+,+,-,+,+,+,+
063,40,2,-,0,+,-,+,0,+
063,46,3,-,+,0,0,+,0,+
063,5,4,+,+,-,+,+,0,+
064,3,3,+,+,-,+,+,0,+
064,34,3,-,0,+,-,0,+,+
064,43,4,-,-,+,-,0,-,+
064,10,3,+,0,-,0,0,0,+
064,35,4,-,+,+,-,+,0,0
064,42,2,-,0,+,-,0,-,0
064,30,5,-,0,+,0,+,+,+
064,48,2,0,+,-,0,0,+,0
064,5,3,+,0,0,-,0,0,0
064,2,4,0,+,-,0,0,+,-
064,40,4,0,0,+,+,0,-,0
064,11,2,+,0,0,+,-,0,+
064,15,3,0,+,-,0,0,-,0
064,29,4,+,0,+,+,-,-,0
064,23,5,+,+,0,0,0,0,0
064,12,2,0,+,+,+,0,-,0
064,50,4,-,-,+,-,+,-,+
064,13,2,0,0,0,-,+,0,0
064,47,1,-,0,-,0,-,-,+
064,46,4,+,-,0,-,0,+,-
065,47,4,-,0,+,-,+,-,0
065,48,2,0,0,0,-,+,+,0
065,11,5,+,+,-,+,+,+,0
065,42,3,,,,+,+,-,0
065,15,2,-,0,+,-,+,+,0
065,46,5,-,+,+,-,-,+,0
065,10,5,+,+,-,-,+,-,0
065,13,1,0,0,0,-,-,+,0
065,23,2,0,0,0,-,-,+,0
065,5,5,+,+,-,-,+,+,0
065,40,4,-,0,+,-,+,-,0
065,29,3,0,0,0,-,-,-,0
065,34,1,0,0,0,-,+,+,0
065,3,4,+,+,0,0,+,+,0
065,12,3,0,0,0,-,+,+,0
065,43,3,0,0,0,-,-,+,0
065,50,1,0,0,0,-,+,-,0
065,2,4,-,-,+,-,-,+,0
065,30,3,0,0,0,-,+,+,0
065,35,2,0,0,0,-,-,+,0
066,3,5,+,-,-,,+,+,
066,15,2,,,,,+,+,
066,29,3,,+,+,,+,,-
066,11,5,+,,,,+,+,-
066,10,4,+,,,,+,,-
066,23,5,,,+,+,,+,
066,46,4,,+,,,+,+,
066,48,2,,+,,,+,+,
066,40,2,,,+,+,,,-
066,43,2,,,+,+,,+,
066,50,1,,+,+,+,+,+,
066,47,4,,,+,+,,,-
066,12,3,,,+,+,,,-
066,42,3,,,+,+,,+,
066,34,1,,,+,+,,,-
066,35,1,,+,,+,+,+,
066,2,1,,,+,+,,+,
066,13,1,,,+,+,,+,
066,30,1,,,+,+,,+,
066,5,4,+,,,,+,+,
067,35,3,-,+,+,-,0,+,0
067,43,4,0,0,,-,-,+,0
067,10,,+,,,,,-,0
067,12,4,0,0,0,0,+,+,-
067,23,3,0,0,+,0,0,+,0
067,48,4,0,+,0,0,+,+,0
067,11,5,+,0,0,0,0,+,0
067,5,4,+,+,0,+,0,+,0
067,15,5,0,+,0,0,+,+,0
067,3,4,+,0,0,0,+,+,0
067,46,3,,0,,-,-,+,0
067,40,4,0,0,+,-,+,-,0
067,42,5,0,0,+,+,+,-,0
067,2,2,0,0,+,-,-,+,0
067,30,5,0,0,+,-,+,+,0
067,34,3,0,0,+,-,+,+,0
067,50,4,0,+,+,-,,-,0
067,13,3,0,0,+,-,-,+,0
067,47,3,0,0,+,-,-,-,0
067,29,2,+,+,-,-,+,-,0
068,46,2,-,+,+,-,-,+,+
068,11,4,+,0,-,0,+,+,+
068,5,3,+,+,-,+,+,+,+
068,10,3,+,+,-,+,+,+,+
068,3,4,0,+,0,+,+,+,+
068,30,5,-,+,+,+,+,+,+
068,2,2,-,-,+,-,-,+,+
068,34,3,-,0,+,+,+,+,+
068,48,2,-,-,+,+,+,+,+
068,29,4,+,+,-,-,-,+,+
068,50,3,-,-,+,+,+,+,+
068,35,5,-,+,+,-,+,+,+
068,13,2,-,-,+,-,-,+,+
068,43,2,-,+,+,-,-,+,+
068,42,3,-,+,+,+,+,+,+
068,15,3,-,+,+,-,+,+,+
068,47,2,-,+,+,-,+,+,+
068,12,4,-,+,+,-,+,+,+
068,40,4,-,+,+,-,+,+,-
068,23,3,-,-,+,-,+,+,+
069,29,1,0,0,0,+,0,0,0
069,42,4,-,+,+,0,0,0,0
069,35,4,-,0,+,+,+,+,0
069,3,3,+,0,0,0,0,0,0
069,13,4,0,0,0,0,0,0,0
069,10,2,+,0,0,0,0,0,0
069,40,3,0,0,0,0,0,0,0
069,30,4,0,0,+,0,+,0,0
069,46,2,0,+,0,+,0,+,-
069,47,2,-,+,+,+,-,0,0
069,12,4,-,+,+,0,+,+,
069,50,4,-,0,+,-,+,+,0
069,34,4,-,+,0,-,0,0,0
069,15,4,-,0,+,-,+,+,0
069,23,2,-,-,0,+,0,+,-
069,2,2,-,0,0,+,-,0,0
069,43,1,-,0,0,+,-,0,0
069,48,3,-,0,+,0,+,+,-
069,5,3,+,-,-,0,0,0,0
069,11,4,+,0,-,+,0,+,0
070,35,4,,+,+,-,+,+,0
070,29,1,+,-,-,0,-,0,0
070,46,2,-,0,-,0,-,0,0
070,12,4,0,0,+,+,+,+,-
070,34,3,-,0,+,-,0,-,+
070,30,4,-,0,+,+,+,0,0
070,13,3,-,0,+,-,+,+,-
070,50,1,-,-,-,-,-,-,0
070,5,3,+,0,-,+,0,0,0
070,42,4,0,+,+,+,+,0,+
070,40,1,-,0,0,+,-,-,+
070,2,3,0,0,+,+,-,0,0
070,43,2,-,-,0,0,-,-,0
070,23,4,0,0,+,+,+,+,0
070,10,3,+,0,-,-,0,-,0
070,15,4,-,0,+,-,+,+,0
070,3,4,0,+,-,0,+,+,0
070,11,2,0,-,-,-,0,0,-
070,47,3,-,0,+,+,0,-,0
070,48,1,-,0,-,-,-,-,0
071,50,3,-,+,0,-,+,+,+
071,48,3,-,+,+,0,+,+,+
071,34,4,-,+,0,+,+,+,+
071,3,4,+,+,+,+,+,+,+
071,30,5,-,+,+,+,+,+,+
071,43,3,0,0,-,+,+,+,+
071,29,4,0,0,-,+,+,+,+
071,46,5,-,+,+,+,0,+,+
071,35,5,-,+,+,0,+,+,+
071,10,4,+,0,0,-,+,+,+
071,23,5,-,+,+,-,+,+,+
071,40,5,-,+,+,+,+,+,+
071,5,3,-,0,-,-,-,+,+
071,12,4,-,+,+,-,+,+,+
071,42,3,-,0,+,-,+,+,+
071,11,5,+,0,-,0,+,+,+
071,2,3,-,-,+,+,+,+,+
071,13,3,-,-,+,+,+,+,+
071,47,5,-,+,+,+,+,+,+
071,15,4,-,0,0,+,+,+,+
072,34,4,-,0,+,-,+,+,-
072,46,2,-,+,-,-,0,+,-
072,15,4,-,+,0,-,+,+,0
072,29,2,0,0,-,0,0,0,0
072,42,4,-,0,0,+,+,0,0
072,12,3,0,+,+,-,+,+,-
072,47,2,-,0,0,-,0,0,0
072,48,4,-,+,+,-,+,+,0
072,50,3,-,0,0,-,0,0,0
072,13,2,-,0,-,-,0,0,-
072,2,3,-,-,+,0,0,0,0
072,30,3,-,0,0,-,0,0,0
072,23,3,-,0,0,0,0,0,0
072,43,4,-,0,+,-,+,0,0
072,3,3,+,0,-,-,0,+,0
072,5,4,+,0,0,-,+,+,0
072,35,4,-,0,+,0,+,+,0
072,10,3,+,0,-,0,0,0,0
072,40,4,-,0,0,0,0,0,0
072,11,5,+,0,0,0,0,+,0
073,50,3,+,0,+,-,0,0,0
073,47,4,0,+,+,+,0,0,+
073,48,3,0,,+,0,0,+,+
073,35,3,0,0,0,-,0,0,0
073,10,3,,,,-,+,0,0
073,12,5,-,-,+,-,+,+,-
073,42,3,-,+,+,+,+,0,0
073,2,2,-,-,-,-,-,-,-
073,40,3,0,+,+,+,+,0,0
073,15,2,-,0,0,-,0,0,0
073,5,4,+,+,+,0,+,+,0
073,46,4,0,+,+,-,+,+,-
073,30,4,0,+,+,0,+,+,-
073,11,4,0,+,+,-,+,0,0
073,3,3,0,+,+,-,0,+,-
073,23,5,+,+,+,+,+,+,+
073,43,3,-,-,0,0,+,0,0
073,34,5,0,+,+,0,+,+,-
073,29,1,0,0,0,-,0,+,0
073,13,3,-,0,+,-,+,+,-
074,15,3,-,+,0,-,0,0,-
074,43,2,-,0,0,0,0,+,0
074,30,4,-,0,+,0,+,+,+
074,34,3,-,0,0,0,0,+,0
074,5,4,+,-,-,-,+,+,0
074,2,3,-,+,+,0,+,+,+
074,11,4,+,-,-,0,+,+,0
074,29,3,+,+,-,-,+,0,+
074,48,4,-,+,+,-,+,+,0
074,47,1,-,-,+,0,-,-,0
074,10,3,+,0,-,-,+,-,0
074,13,2,-,-,+,-,+,0,0
074,42,4,-,0,+,+,+,0,+
074,46,2,-,0,-,0,-,+,0
074,40,3,-,0,+,-,+,-,0
074,3,3,+,0,-,-,+,+,0
074,12,4,-,+,+,0,+,+,-
074,23,2,-,0,+,+,0,0,0
074,50,3,-,-,+,-,+,0,0
074,35,2,-,+,+,0,+,+,0
075,50,2,-,0,0,-,0,-,+
075,42,3,-,0,+,0,+,-,+
075,5,4,+,0,+,-,+,+,0
075,3,3,0,0,0,0,0,+,0
075,48,3,-,0,0,-,+,0,0
075,2,3,-,0,0,-,0,0,0
075,30,4,-,0,0,0,0,0,0
075,29,3,-,0,0,-,0,-,0
075,13,2,-,0,0,-,0,0,0
075,10,3,+,0,-,-,0,-,0
075,23,4,-,-,+,0,+,0,0
075,11,4,+,0,-,-,0,0,0
075,35,2,-,0,0,-,0,0,0
075,40,4,-,0,0,-,0,-,0
075,12,3,-,0,0,0,0,0,0
075,43,3,-,0,0,0,0,0,0
075,34,3,-,0,0,0,0,0,0
075,15,3,-,0,0,0,0,0,0
075,47,4,-,0,0,0,0,-,0
075,46,3,-,0,0,0,0,0,0
076,30,5,0,0,+,0,+,0,0
076,34,4,-,0,0,0,+,0,0
076,3,4,+,0,-,0,+,+,0
076,48,4,0,0,0,-,0,0,0
076,2,3,-,-,0,0,0,0,0
076,42,4,-,0,0,0,0,0,0
076,35,5,-,0,+,0,+,0,0
076,11,5,+,+,0,0,+,0,0
076,13,4,-,0,0,-,0,0,-
076,29,2,0,0,-,-,0,0,0
076,10,4,0,0,-,0,0,0,0
076,40,3,-,0,0,0,0,0,0
076,12,4,0,+,+,+,+,+,-
076,47,3,-,0,0,-,0,0,0
076,46,3,0,0,0,0,0,0,0
076,15,3,-,0,0,-,0,0,0
076,50,4,-,0,0,-,+,0,0
076,23,2,-,0,0,-,0,0,0
076,43,3,-,0,0,0,0,0,0
076,5,4,+,0,-,0,+,0,0
077,47,3,-,0,0,+,0,0,0
077,50,4,0,0,+,-,0,+,-
077,11,3,+,0,0,+,0,0,0
077,13,4,0,0,+,-,0,+,-
077,15,2,0,+,+,0,0,-,+
077,5,4,-,0,-,0,0,+,0
077,3,1,0,0,0,0,0,0,0
077,48,4,-,+,-,-,0,-,+
077,34,4,0,0,0,0,0,0,+
077,46,1,-,0,0,0,0,0,0
077,42,1,0,0,0,0,0,0,0
077,12,1,-,0,0,0,0,+,-
077,23,2,0,0,+,+,0,0,0
077,43,4,0,0,0,+,0,0,0
077,30,4,0,+,+,0,0,+,+
077,35,4,,+,+,0,0,0,0
077,2,1,0,0,0,0,0,-,+
077,29,2,0,0,0,0,0,0,0
077,10,3,+,,,0,0,+,+
077,40,2,-,-,+,0,0,-,-
078,43,3,-,+,+,0,0,+,+
078,50,2,-,0,0,0,-,0,0
078,35,4,0,+,+,+,+,0,-
078,15,2,-,-,-,0,0,0,0
078,46,4,0,+,+,+,+,+,-
078,13,3,0,0,0,+,-,0,-
078,34,5,-,+,+,+,+,0,+
078,23,2,-,-,-,-,-,-,-
078,47,3,-,0,0,+,0,-,0
078,48,4,-,+,+,0,+,+,0
078,42,2,-,0,0,-,-,0,-
078,3,5,+,0,+,+,+,+,0
078,5,4,+,0,+,+,+,+,0
078,30,4,-,+,+,0,+,+,0
078,2,2,-,0,0,0,-,0,0
078,40,4,-,+,+,0,+,0,0
078,29,3,+,0,+,-,0,+,+
078,12,5,-,-,+,0,+,+,-
078,10,4,-,0,0,0,0,-,0
078,11,4,-,0,0,0,0,+,-
079,40,2,-,0,0,0,0,+,-
079,29,3,0,+,0,0,+,+,0
079,50,2,-,0,0,-,0,0,0
079,11,4,+,+,0,+,0,+,0
079,10,3,+,0,-,+,+,+,-
079,43,2,-,0,0,0,0,0,0
079,46,4,-,+,+,0,0,0,0
079,5,3,0,0,0,-,+,-,0
079,2,4,-,+,+,0,0,0,0
079,3,3,-,0,0,+,+,0,0
079,48,2,-,0,0,-,+,-,+
079,35,3,-,0,0,0,0,0,0
079,23,4,0,+,+,0,0,0,0
079,34,1,0,0,0,0,0,0,0
079,12,3,0,+,+,0,+,+,-
079,15,4,-,-,+,0,0,0,0
079,47,4,-,-,+,0,0,0,0
079,13,1,0,0,0,-,0,0,0
079,42,4,-,+,+,0,0,0,0
079,30,3,0,0,0,0,0,-,+
080,46,3,0,+,0,-,0,+,0
080,11,4,+,0,-,0,0,+,0
080,43,3,-,0,+,0,0,+,0
080,34,3,-,0,+,0,0,+,0
080,42,4,-,0,+,0,0,-,0
080,12,3,-,0,+,-,0,+,0
080,3,,+,+,0,0,0,+,0
080,2,4,-,0,+,-,0,+,0
080,29,3,-,0,-,0,0,-,0
080,30,4,-,0,+,-,0,+,0
080,50,2,-,0,0,-,0,-,0
080,15,4,-,+,0,0,0,+,0
080,35,4,-,+,+,0,0,+,0
080,40,3,-,0,+,0,0,-,0
080,23,3,-,0,+,-,0,+,0
080,10,3,+,0,-,0,0,-,0
080,13,2,-,0,+,-,0,+,0
080,5,4,+,0,0,0,0,+,0
080,47,4,-,0,+,-,0,-,0
080,48,3,-,0,0,-,0,+,0
081,29,2,-,0,0,-,0,+,-
081,11,4,-,0,0,-,0,+,-
081,10,3,-,0,0,-,0,+,-
081,5,3,-,0,0,-,0,+,-
081,3,2,-,0,0,-,0,+,-
081,40,4,-,0,0,-,0,+,-
081,23,5,-,0,0,-,0,+,-
081,30,4,-,0,0,-,0,+,-
081,47,5,-,0,0,-,0,+,-
081,46,3,-,0,0,-,0,+,-
081,48,3,-,0,0,-,0,+,-
081,2,2,-,0,0,-,0,+,-
081,12,3,-,0,0,-,0,+,-
081,13,3,-,0,0,-,0,+,-
081,43,2,-,0,0,-,0,+,-
081,15,5,-,0,0,-,0,+,-
081,35,3,-,0,0,-,0,+,-
081,42,5,-,0,0,-,0,+,-
081,50,2,-,0,0,-,0,+,-
081,34,4,-,0,0,-,0,+,-
082,15,2,,+,0,-,0,+,-
082,12,4,,,+,-,0,+,-
082,29,4,0,0,0,+,0,0,0
082,46,3,0,+,0,-,0,+,-
082,35,2,0,+,+,-,0,+,-
082,2,3,0,0,0,-,0,+,-
082,48,3,0,+,0,-,0,+,-
082,13,3,0,0,0,-,0,+,-
082,10,3,+,0,0,-,0,0,0
082,5,3,+,+,-,-,0,+,-
082,43,4,0,0,+,-,0,+,-
082,3,3,+,+,-,-,0,+,-
082,47,4,0,0,+,-,0,0,0
082,40,2,0,0,+,-,0,0,0
082,30,3,0,0,+,-,0,+,-
082,34,4,0,0,+,-,0,+,-
082,42,3,0,0,+,-,0,0,0
082,23,5,0,0,+,-,0,+,-
082,50,3,,+,0,-,0,0,0
082,11,4,+,0,0,-,0,+,-
083,29,4,+,0,-,0,0,+,0
083,47,4,-,0,+,-,+,0,0
083,10,3,+,0,0,0,0,+,0
083,46,4,0,+,0,0,+,+,0
083,11,4,+,0,0,+,0,+,-
083,5,4,+,0,+,-,0,+,0
083,2,5,0,0,+,0,+,0,0
083,48,3,-,0,0,-,0,0,0
083,34,3,-,0,0,-,0,0,0
083,13,4,-,0,+,+,0,0,0
083,12,4,-,0,0,+,0,+,-
083,35,3,0,0,+,+,0,0,0
083,23,4,0,0,+,+,+,0,0
083,30,3,-,0,0,+,0,0,0
083,43,4,-,+,+,-,0,+,0
083,40,5,-,+,+,+,+,+,0
083,15,3,-,0,+,-,+,+,0
083,3,4,+,+,0,+,,+,
083,42,3,0,0,+,0,+,+,0
083,50,4,-,0,+,0,0,0,0
084,23,3,-,0,+,0,0,+,0
084,13,4,-,0,0,0,0,+,0
084,48,4,-,0,0,0,0,+,0
084,47,4,-,0,+,0,0,0,0
084,5,3,+,0,0,0,0,+,0
084,30,4,0,0,+,0,0,0,0
084,2,3,0,+,+,0,0,+,0
084,12,4,0,0,+,0,+,+,0
084,3,4,+,0,0,0,0,0,0
084,15,3,0,+,0,0,0,0,0
084,46,2,0,0,0,0,0,+,0
084,50,5,-,0,+,-,0,0,0
084,43,3,-,0,+,0,0,+,0
084,10,4,+,0,-,0,0,-,0
084,11,5,+,0,-,0,+,+,0
084,42,3,-,0,0,0,0,0,0
084,40,4,-,0,-,-,0,0,0
084,34,3,-,0,0,0,0,0,0
084,29,2,0,0,0,0,0,0,0
084,35,4,-,0,0,-,0,0,0
085,2,4,-,0,+,-,+,+,0
085,34,1,0,0,0,0,0,0,0
085,35,3,-,+,+,-,+,+,0
085,13,1,0,0,0,0,0,0,0
085,50,4,-,-,+,-,0,0,0
085,12,5,-,0,+,0,0,+,-
085,10,5,+,0,-,0,+,0,0
085,30,5,-,-,+,-,+,0,0
085,43,,,,,,,,
085,23,1,-,-,+,0,0,0,0
085,42,1,-,-,+,+,-,+,0
085,48,4,-,+,0,-,0,+,0
085,29,1,+,+,-,-,+,0,0
085,11,5,+,+,-,0,+,+,-
085,40,,,,,,,,
085,3,4,-,0,+,0,+,-,0
085,15,5,-,+,+,0,+,+,0
085,47,1,-,0,+,+,-,-,+
085,46,4,-,+,+,+,+,+,-
085,5,5,+,0,+,+,+,+,0
086,46,3,-,-,0,-,0,0,0
086,35,1,-,-,-,-,-,-,-
086,47,2,-,+,+,+,+,0,+
086,3,4,+,+,-,-,+,+,+
086,30,5,-,+,+,+,+,0,0
086,5,2,-,0,0,-,0,+,-
086,42,4,-,+,+,+,+,0,0
086,11,4,+,-,-,-,+,0,0
086,50,1,-,+,0,-,+,0,0
086,2,3,-,+,0,+,+,0,0
086,29,4,+,0,-,+,+,0,0
086,43,5,-,+,0,+,+,0,0
086,48,1,-,+,0,+,+,0,0
086,13,2,-,+,0,-,0,0,0
086,40,4,-,+,0,+,+,0,0
086,23,3,-,+,0,+,+,0,0
086,10,5,+,0,-,-,0,+,-
086,15,2,-,+,0,+,+,0,0
086,12,5,-,+,0,-,0,0,0
086,34,4,-,+,0,-,0,0,0
088,23,2,-,+,+,+,0,0,0
088,50,2,-,0,+,-,0,-,0
088,46,3,-,0,0,0,0,0,0
088,12,3,-,0,+,-,0,+,-
088,43,1,0,0,0,0,0,0,0
088,47,1,0,0,0,0,0,0,0
088,10,3,+,0,-,-,0,0,0
088,35,4,-,+,+,0,0,0,0
088,42,5,-,-,+,+,,0,0
088,34,1,-,-,+,-,+,0,0
088,13,1,-,-,+,-,0,+,-
088,29,3,-,+,+,-,+,-,+
088,48,2,-,+,0,-,+,0,+
088,2,3,-,0,+,-,,0,0
088,40,2,-,0,+,0,0,0,0
088,15,3,-,0,0,-,0,,0
088,11,4,+,0,0,+,0,+,0
088,5,3,+,0,0,-,0,+,-
088,30,2,0,0,+,,,+,-
088,3,3,+,0,0,0,0,0,0
089,42,5,0,0,+,0,+,-,+
089,2,3,0,0,0,-,0,0,0
089,13,3,-,0,+,-,0,0,0
089,47,3,-,0,+,0,0,-,0
089,50,2,-,0,-,-,0,0,0
089,10,4,+,0,-,0,0,-,0
089,12,4,-,0,+,0,0,+,-
089,40,4,-,0,+,-,+,-,0
089,46,5,-,+,+,-,0,+,0
089,5,4,+,0,-,0,+,+,0
089,48,2,-,0,0,-,0,0,0
089,15,4,-,+,0,-,+,0,0
089,23,3,-,0,+,-,+,0,0
089,35,3,-,0,0,0,0,0,0
089,34,3,-,0,0,0,0,0,0
089,30,4,-,0,0,0,0,0,0
089,43,4,-,0,+,+,+,0,0
089,11,4,+,0,-,0,0,0,0
089,3,3,-,0,-,0,0,0,0
089,29,3,0,0,0,+,0,-,+
090,48,1,-,0,0,-,0,0,0
090,29,3,0,0,-,0,0,+,+
090,50,1,-,0,0,-,0,0,0
090,13,1,-,0,0,-,0,0,0
090,43,2,-,0,0,0,0,0,0
090,3,4,0,0,-,0,+,+,+
090,47,4,0,0,0,0,0,0,0
090,46,5,0,+,0,0,+,0,0
090,2,3,-,-,+,0,0,0,0
090,11,4,+,0,-,+,0,0,0
090,10,5,+,+,-,0,+,0,0
090,34,2,-,0,0,-,0,-,0
090,30,2,-,0,0,-,0,0,0
090,12,4,-,0,+,0,+,+,-
090,15,3,-,0,0,0,+,0,0
090,42,3,0,0,0,0,0,0,0
090,23,2,-,0,0,-,-,-,-
090,5,4,+,+,0,0,+,0,0
090,35,1,-,0,0,-,-,-,0
090,40,1,0,0,0,0,0,0,0
091,23,3,-,-,+,-,+,0,0
091,30,5,-,-,+,0,+,+,+
091,34,3,-,-,+,0,+,0,0
091,5,4,+,+,-,+,+,+,+
091,15,3,-,+,-,-,0,0,0
091,43,4,-,-,+,+,+,0,+
091,42,5,-,-,+,0,+,-,+
091,48,3,-,+,-,-,+,-,+
091,10,5,+,+,-,+,+,+,+
091,46,4,-,-,+,+,+,+,+
091,13,4,-,-,+,-,+,+,-
091,35,3,-,-,+,-,0,0,0
091,50,3,-,0,+,-,-,0,0
091,2,4,-,-,+,-,0,0,0
091,3,5,+,+,-,+,+,+,0
091,29,4,+,+,+,+,+,-,+
091,47,1,-,-,+,-,-,0,0
091,40,4,-,-,+,-,0,0,0
091,11,5,+,-,-,+,+,+,-
091,12,5,-,-,+,+,+,+,-
092,48,3,-,+,-,0,+,0,0
092,3,4,+,0,-,0,+,-,0
092,10,4,+,0,-,0,+,0,+
092,47,3,-,-,+,+,0,0,0
092,35,4,,,,0,+,,
092,13,5,-,+,+,,,,
092,40,5,-,-,+,,,,
092,43,4,-,-,+,0,0,+,+
092,30,4,-,0,+,+,+,+,+
092,34,5,-,0,+,0,+,0,+
092,29,2,+,+,-,-,+,-,+
092,23,3,-,0,+,-,0,0,0
092,50,5,+,-,+,-,+,0,0
092,2,4,0,0,+,,+,-,+
092,11,3,0,0,+,0,,+,0
092,12,4,-,+,+,0,+,-,+
092,42,4,-,0,0,0,,,
092,46,3,+,+,-,+,+,0,0
092,5,5,+,+,-,+,0,+,0
092,12,3,0,0,0,-,0,0,0
093,42,2,-,0,+,0,0,0,0
093,10,2,+,-,-,-,+,+,0
093,46,4,-,0,+,0,+,0,0
093,13,5,-,+,-,-,+,0,0
093,29,3,+,-,-,0,0,0,0
093,11,3,+,0,-,0,0,0,0
093,47,5,-,0,+,-,+,0,0
093,43,5,-,0,+,0,+,0,0
093,5,2,+,0,-,-,0,0,0
093,2,2,-,-,0,-,0,0,0
093,40,5,-,0,+,-,+,0,0
093,23,1,-,0,0,-,0,0,0
093,35,2,-,0,0,0,0,0,0
093,48,5,-,0,0,-,+,0,0
093,15,4,-,+,0,0,0,0,0
093,50,5,-,0,+,-,+,0,0
093,12,4,-,0,0,0,0,+,-
093,34,5,-,0,0,0,0,0,0
093,3,2,+,0,-,0,0,0,0
093,30,4,-,0,0,+,0,0,0
094,15,4,-,0,0,+,0,0,0
094,3,2,0,-,-,0,0,0,+
094,34,4,-,0,+,0,+,0,0
094,11,2,0,0,-,0,0,0,+
094,13,3,0,0,+,-,0,+,0
094,40,5,-,0,0,-,0,0,0
094,35,1,0,0,0,0,0,+,0
094,12,2,0,0,+,0,+,+,0
094,5,2,+,0,-,0,0,0,0
094,29,1,0,0,0,+,-,0,0
094,48,4,-,0,0,-,+,0,0
094,46,4,0,0,+,0,+,0,+
094,10,2,+,-,-,+,0,0,0
094,50,5,0,0,0,-,+,+,-
094,30,4,0,+,0,0,0,0,0
094,43,2,-,0,+,+,-,0,0
094,23,1,0,0,0,+,-,0,0
094,47,2,0,0,+,+,-,0,0
094,42,3,0,0,0,0,0,0,0
094,2,2,-,-,0,+,-,+,0
095,13,3,-,-,+,-,+,+,-
095,2,4,-,0,+,0,+,,+
095,46,4,,+,+,-,+,+,+
095,10,3,+,+,-,0,+,+,-
095,42,4,-,0,+,+,+,+,-
095,12,4,-,0,+,0,+,+,-
095,47,3,-,0,+,+,0,0,-
095,43,4,-,0,+,+,+,+,+
095,11,4,+,+,-,+,+,+,+
095,34,3,-,0,+,-,+,+,+
095,15,5,-,+,+,-,+,+,+
095,50,3,-,+,+,-,+,+,-
095,35,4,-,+,+,+,+,+,-
095,48,3,-,+,+,0,+,+,+
095,5,5,+,+,-,-,+,+,+
095,3,4,+,+,-,+,+,+,+
095,29,3,0,+,+,+,+,+,+
095,40,3,-,+,+,-,,-,+
095,23,4,-,+,+,-,+,+,+
095,30,4,-,+,+,+,+,+,+
096,12,3,-,+,-,-,0,+,-
096,3,3,+,+,-,-,+,+,+
096,10,2,+,0,-,-,+,+,0
096,42,5,-,+,+,-,+,0,0
096,11,5,-,+,+,-,+,0,0
096,30,1,-,-,-,+,-,0,0
096,47,4,-,+,0,+,0,0,0
096,46,2,-,0,+,+,-,0,0
096,23,4,-,0,+,+,0,-,+
096,40,5,-,0,+,0,0,-,+
096,35,5,-,+,+,-,+,+,-
096,13,4,-,0,+,+,-,+,0
096,2,2,-,0,+,+,-,+,-
096,50,5,-,+,0,-,+,-,0
096,43,2,-,+,+,-,+,0,0
096,29,4,-,+,0,-,+,0,-
096,48,4,-,0,-,-,+,-,+
096,5,3,+,+,-,+,+,-,+
096,34,5,-,+,-,+,+,-,+
096,15,4,-,+,+,+,0,-,+
097,35,4,-,0,+,-,+,0,+
097,11,2,+,+,-,0,-,+,0
097,30,3,0,0,+,-,+,+,-
097,42,5,-,0,+,0,+,+,+
097,5,2,-,0,+,-,0,+,+
097,50,2,-,0,+,-,-,-,+
097,47,1,-,0,0,-,-,0,0
097,12,5,+,+,+,-,+,+,-
097,34,3,-,0,0,-,0,-,+
097,13,2,-,0,+,-,-,0,0
097,3,5,0,+,-,+,+,+,+
097,40,5,-,+,+,+,+,+,+
097,2,4,-,-,+,0,+,0,0
097,29,5,+,+,-,+,+,+,+
097,15,1,0,+,0,-,0,+,0
097,43,5,-,+,+,+,+,0,+
097,48,3,-,+,0,-,0,0,0
097,23,4,-,-,+,0,+,0,0
097,10,2,+,+,-,+,-,0,0
097,46,5,0,+,+,+,+,+,+
098,10,4,+,0,-,-,0,-,+
098,13,2,-,-,0,-,0,+,-
098,15,5,0,+,+,0,+,+,0
098,30,4,0,+,+,0,0,+,0
098,2,4,0,0,+,0,0,+,-
098,23,3,0,0,+,-,0,+,0
098,48,2,0,+,0,-,0,0,0
098,34,2,0,0,+,-,0,0,0
098,3,5,+,0,0,+,+,+,-
098,46,3,-,+,0,-,-,-,0
098,40,3,0,+,-,-,0,-,0
098,50,5,-,-,+,-,+,0,0
098,5,5,+,0,0,+,+,+,0
098,29,2,+,-,-,-,0,0,0
098,43,4,-,0,+,+,-,+,0
098,12,4,-,0,+,0,+,+,-
098,11,4,+,0,-,+,0,+,0
098,47,2,-,0,+,-,-,-,+
098,35,4,0,+,+,-,+,+,+
098,42,3,-,0,+,+,+,-,+
102,13,1,0,0,0,0,0,0,0
102,15,5,-,+,+,+,-,+,0
102,23,3,-,0,+,0,0,0,0
102,35,2,-,0,+,0,0,+,0
102,40,5,-,+,+,+,-,+,+
102,34,5,-,0,+,+,-,+,+
102,42,5,-,+,+,+,-,-,+
102,46,5,-,+,+,+,-,+,+
102,11,5,+,+,-,+,-,+,+
102,12,5,-,+,+,+,-,+,+
102,10,5,+,+,-,+,-,+,+
102,47,2,-,0,0,0,0,0,0
102,2,4,-,-,+,+,-,0,+
102,5,3,-,0,+,+,-,+,+
102,50,3,-,0,+,+,-,+,+
102,48,4,-,+,+,+,-,+,+
102,30,4,-,+,+,+,-,+,+
102,3,3,+,+,0,+,-,0,+
102,43,2,-,+,+,+,-,+,+
102,29,3,+,+,+,+,-,+,+
103,42,5,-,0,0,-,+,-,0
103,46,2,-,+,0,-,0,+,0
103,47,1,-,0,0,+,+,-,0
103,3,4,+,0,-,+,+,+,0
103,48,3,-,+,+,-,+,+,0
103,23,1,-,0,+,+,0,+,0
103,30,4,-,0,0,+,0,+,0
103,2,4,-,0,+,+,+,+,+
103,12,4,-,+,0,-,+,+,+
103,40,4,-,+,+,+,0,-,0
103,11,4,+,+,-,0,+,+,0
103,29,1,+,+,-,-,0,-,0
103,5,4,+,+,-,+,0,+,+
103,50,4,-,0,0,+,0,-,0
103,15,5,-,0,+,+,0,+,0
103,35,4,-,+,+,-,+,+,+
103,10,5,+,+,-,+,0,-,+
103,13,4,-,0,+,-,0,+,+
103,34,4,-,0,+,+,+,+,0
103,43,3,-,0,+,0,0,+,+
104,11,2,+,0,-,-,+,0,0
104,46,5,-,+,,0,0,0,0
104,35,4,-,+,,-,+,0,0
104,5,2,+,0,-,-,+,0,0
104,10,3,+,-,-,-,+,0,0
104,13,4,-,-,+,-,+,0,0
104,48,3,-,+,-,,,0,0
104,23,5,-,-,+,+,,0,0
104,29,5,-,0,+,0,,+,0
104,30,3,-,0,+,+,0,0,0
104,50,4,-,+,+,0,-,0,0
104,34,2,-,0,+,+,0,0,0
104,42,1,-,0,+,0,0,0,0
104,15,3,-,+,0,0,0,0,0
104,40,3,-,0,+,0,0,0,0
104,43,3,-,-,+,+,+,0,0
104,12,5,-,0,+,+,+,0,0
104,2,3,-,0,+,+,+,0,0
104,3,2,+,+,-,-,0,0,0
104,47,1,-,0,0,,,0,0
105,47,2,-,0,+,+,+,+,+
105,43,4,-,+,-,0,0,0,0
105,15,3,-,+,+,+,+,-,-
105,48,1,-,+,0,+,+,0,0
105,2,5,0,+,-,-,0,-,-
105,12,4,0,0,0,-,+,+,+
105,11,3,+,+,+,-,,0,0
105,35,1,0,+,+,,+,+,+
105,3,2,+,-,0,0,0,-,-
105,30,4,-,+,0,+,+,0,0
105,40,3,0,+,+,+,+,+,0
105,29,5,0,0,+,0,+,0,+
105,23,4,0,0,+,-,0,-,0
105,34,2,-,+,0,-,-,+,-
105,5,3,+,+,-,0,+,0,0
105,10,3,+,+,-,+,+,0,+
105,13,3,-,0,+,0,+,-,-
105,50,4,-,+,+,0,+,+,+
105,42,4,-,0,+,-,-,-,-
105,46,1,-,+,+,-,-,0,+
106,23,3,-,0,+,-,0,+,0
106,40,4,-,0,+,+,+,-,0
106,42,3,-,0,+,-,+,-,0
106,10,4,+,0,-,+,+,-,0
106,34,4,-,0,+,+,+,+,0
106,48,4,0,+,0,+,+,+,0
106,3,4,+,0,-,+,+,+,0
106,30,4,-,0,+,+,+,+,0
106,29,1,-,0,+,-,0,+,0
106,35,2,-,+,+,-,0,-,0
106,11,,+,0,-,0,0,+,0
106,12,3,-,0,+,-,+,+,0
106,15,4,0,+,0,+,+,+,0
106,43,4,-,0,+,0,0,+,0
106,46,1,0,+,0,-,0,+,0
106,13,1,-,0,+,-,0,+,0
106,50,4,-,+,+,+,+,-,0
106,47,4,-,0,+,+,+,-,0
106,2,1,-,0,+,-,-,+,0
106,5,4,+,0,-,+,+,+,0
108,34,4,0,0,+,0,+,+,+
108,5,5,+,0,0,0,+,+,+
108,3,3,+,0,0,0,+,+,+
108,42,4,0,0,+,+,+,-,0
108,2,2,0,0,+,-,0,+,+
108,47,3,0,0,+,0,+,-,+
108,43,5,0,0,+,-,0,+,+
108,23,4,0,0,+,-,+,+,+
108,29,3,,0,+,-,-,-,0
108,35,4,,+,+,-,+,+,+
108,48,4,-,+,0,+,+,+,+
108,15,3,-,+,0,+,+,+,+
108,30,4,-,-,+,+,+,+,+
108,13,3,-,0,+,-,0,+,+
108,50,3,0,+,+,+,+,-,0
108,40,5,0,0,+,+,+,-,0
108,10,2,+,0,0,+,+,-,0
108,46,4,0,+,0,0,0,+,+
108,11,4,+,0,0,+,+,+,+
108,12,3,0,0,+,-,+,+,+
109,23,4,0,+,+,-,+,0,0
109,48,3,0,0,0,-,+,0,0
109,34,1,0,0,0,-,0,0,0
109,12,5,-,0,+,+,+,+,-
109,30,4,0,+,0,+,+,0,0
109,43,,,0,+,-,+,0,0
109,11,3,-,-,-,-,+,0,0
109,3,3,0,0,,0,+,0,0
109,29,4,0,+,,-,+,0,0
109,40,5,+,0,,-,+,0,0
109,2,2,0,0,,-,+,0,0
109,10,4,+,+,-,-,+,0,0
109,42,,-,0,0,+,+,0,0
109,5,2,0,0,,-,+,0,0
109,47,4,+,+,+,+,+,0,0
109,46,2,0,0,0,-,+,0,0
109,15,4,0,+,-,,,,
109,50,1,0,0,0,-,+,0,0
109,35,5,+,0,0,-,+,0,0
109,13,3,+,0,+,-,+,+,-
110,43,4,0,+,+,0,+,,
110,2,3,0,0,0,-,0,+,-
110,46,3,-,+,-,0,0,+,0
110,35,2,-,0,0,-,+,-,+
110,12,5,0,+,+,-,0,0,+
110,30,5,0,+,+,+,+,0,+
110,15,3,-,0,+,-,+,+,0
110,40,5,-,+,+,0,+,0,0
110,29,1,+,0,-,-,+,-,-
110,10,3,+,-,-,-,0,0,0
110,50,4,-,0,+,-,+,0,-
110,5,2,0,-,-,-,0,-,-
110,11,2,+,-,-,-,0,0,0
110,23,3,0,0,+,-,0,-,0
110,48,4,-,+,0,0,0,+,+
110,34,4,0,+,+,-,+,0,0
110,13,5,-,-,+,-,+,+,+
110,3,2,+,-,-,-,0,0,0
110,47,3,-,0,+,0,0,+,0
110,42,5,-,+,+,0,+,+,+
111,13,3,-,-,+,-,+,+,-
111,2,2,-,+,+,-,+,-,+
111,23,4,-,-,+,-,+,+,+
111,42,4,-,+,+,+,+,0,0
111,15,4,0,0,+,-,+,0,0
111,47,3,-,+,+,0,+,0,0
111,11,4,+,0,0,0,+,0,0
111,5,4,+,+,0,+,+,+,-
111,30,4,-,+,+,0,+,0,0
111,50,3,-,+,+,-,+,0,-
111,12,4,-,-,+,+,+,0,0
111,35,5,-,0,+,+,+,0,0
111,46,4,0,0,+,-,+,0,0
111,3,3,-,+,+,0,+,+,+
111,10,5,+,+,0,0,+,+,0
111,40,5,+,0,0,0,+,0,0
111,48,4,0,+,0,-,+,0,0
111,29,4,+,+,-,+,0,+,-
111,34,3,-,0,+,+,+,0,0
111,43,3,-,+,0,-,+,0,0
112,2,4,-,0,0,0,0,+,-
112,10,2,+,0,0,0,0,0,0
112,47,2,-,+,0,+,-,0,0
112,34,4,-,+,+,-,+,0,0
112,5,2,0,0,0,0,0,0,0
112,29,1,-,0,0,0,0,0,0
112,50,5,+,+,+,-,+,+,-
112,3,2,+,-,-,0,0,0,0
112,46,4,-,+,+,0,+,0,0
112,42,4,-,+,+,-,+,0,0
112,12,5,+,+,+,-,+,+,-
112,40,4,0,+,+,-,+,+,-
112,13,5,+,+,+,-,+,+,-
112,30,4,-,+,+,-,+,+,-
112,35,3,0,+,+,-,+,+,0
112,15,3,0,0,0,-,0,0,0
112,43,3,0,0,0,+,-,0,0
112,48,5,0,+,+,-,+,+,0
112,11,2,0,-,-,0,-,0,0
112,23,3,0,+,0,+,-,0,0
050,12,4,,,,,,,
050,35,5,,,,,,,
050,10,5,,,,,,,
050,23,,,,,,,,
050,43,,,,,,,,
050,13,,,,,,,,
050,3,,,,,,,,
050,50,,,,,,,,
050,42,,,,,,,,
050,48,,,,,,,,
050,2,,,,,,,,
050,34,,,,,,,,
050,29,,,,,,,,
050,15,,,,,,,,
050,11,,,,,,,,
050,46,,,,,,,,
050,30,,,,,,,,
050,5,,,,,,,,
050,47,,,,,,,,
050,40,,,,,,,,
053,11,4,+,,,,,0,0
053,2,3,,,+,,-,,
053,46,2,,,,-,-,,
053,12,2,,+,,-,,+,-
053,29,3,,+,,+,-,-,0
053,15,3,,+,,-,,,
053,3,4,+,,,,,-,0
053,40,3,,,+,-,,,
053,13,2,,,+,-,-,,
053,30,4,,,+,,,,
053,5,4,,,+,,,,
053,35,4,,,+,-,,,
053,23,3,+,,,-,,,
053,10,4,,+,,,,-,0
053,48,3,,,+,,,,
053,43,3,+,,+,,-,,
053,42,4,,+,+,,,-,0
053,47,3,,,+,-,,-,0
053,50,4,,,+,-,,-,0
053,34,4,,,+,,,,
057,10,5,+,+,+,+,+,+,+
057,3,5,+,+,+,+,+,+,+
057,34,4,+,,0,,,0,-
057,12,1,0,,-,-,0,-,+
057,5,2,+,-,+,-,+,-,+
057,43,,0,-,0,-,+,0,+
057,46,3,0,0,-,-,0,0,+
057,2,2,+,0,-,-,0,-,+
057,29,2,0,+,-,0,-,0,+
057,50,,-,-,0,,0,+,0
057,30,3,0,-,+,0,0,,-
057,42,4,+,0,-,0,+,0,-
057,47,3,-,-,-,-,-,-,-
057,40,2,0,+,+,+,-,0,0
057,13,4,-,-,-,-,-,-,-
057,23,5,-,0,+,-,0,+,+
057,48,3,0,-,+,+,-,-,+
057,11,4,-,0,,-,-,0,+
057,15,2,0,+,-,-,-,0,0
057,35,1,-,-,-,-,-,-,-
059,2,3,,,+,-,+,+,+
059,35,4,,+,,-,+,-,+
059,42,3,,,+,+,+,+,+
059,40,5,,,+,+,+,+,+
059,47,2,,,0,-,+,+,+
059,50,1,,-,,-,-,-,-
059,10,4,+,,,+,+,+,+
059,11,4,+,,,+,+,+,+
059,13,5,+,,+,-,+,+,+
059,43,4,,,+,-,+,+,+
059,34,5,,,+,+,+,+,+
059,15,2,,+,-,-,-,-,-
059,3,5,+,-,0,+,+,+,+
059,46,4,+,0,0,+,+,+,+
059,48,,-,-,+,+,-,+,+
059,29,5,0,+,-,+,-,-,-
059,30,3,-,+,-,-,+,-,-
059,5,5,+,-,+,+,+,+,-
059,23,2,+,+,+,+,-,+,-
059,12,5,+,+,+,+,-,+,+
060,47,3,,,+,+,,,+
060,48,1,,+,,,+,,0
060,2,2,,,+,,+,+,
060,12,3,,,+,+,,0,
060,29,2,+,,,,+,,0
060,43,2,,,+,+,,-,
060,46,3,,+,,+,,+,
060,42,2,,,+,+,,,0
060,10,2,+,,,,+,-,
060,23,5,,,+,,+,0,-
060,15,3,,+,,,+,0,
060,35,3,,+,,,+,,0
060,40,2,,,+,,+,0,
060,34,2,,,+,,+,,0
060,50,3,,+,,,+,0,
060,11,4,+,,,,+,,0
060,13,2,,,+,,+,0,
060,5,4,+,,,,+,0,
060,3,3,+,,,,+,0,
060,30,4,-,,+,,+,0,
061,34,3,-,0,+,0,0,+,0
061,43,3,-,0,+,+,+,+,0
061,50,4,-,+,+,-,0,0,-
061,15,4,-,+,0,0,0,+,-
061,11,3,+,-,-,-,+,+,0
061,2,3,-,0,+,0,0,+,0
061,48,2,0,+,-,-,+,+,0
061,3,4,+,+,-,-,0,+,0
061,29,3,0,+,+,-,0,+,-
061,23,5,-,0,+,0,0,-,0
061,35,2,-,+,+,0,0,+,0
061,10,3,+,-,-,-,+,+,0
061,47,3,-,-,+,+,+,-,-
061,46,4,-,+,-,+,+,-,-
061,12,2,-,0,+,+,+,+,-
061,30,3,-,0,+,+,+,+,0
061,40,4,-,0,+,+,+,-,
061,42,2,-,-,+,0,0,-,-
061,5,4,+,+,-,-,0,+,0
061,13,3,-,-,+,-,-,+,-
062,11,4,+,0,+,0,+,+,0
062,43,5,0,0,+,0,+,+,0
062,13,4,-,-,+,-,+,0,0
062,42,2,0,0,0,-,-,0,0
062,3,3,+,0,0,0,0,+,0
062,29,3,+,0,0,-,0,0,0
062,35,1,0,0,0,0,0,0,0
062,48,4,-,0,0,-,+,0,0
062,47,2,-,0,0,0,0,0,0
062,10,3,0,0,0,0,0,0,0
062,23,2,0,0,0,0,0,0,0
062,40,4,0,0,+,0,+,0,0
062,46,4,0,+,0,-,0,+,-
062,5,4,0,0,0,-,0,+,-
062,15,2,0,0,0,-,0,,0
062,50,4,0,+,0,-,0,0,0
062,34,4,0,0,0,-,0,0,0
062,30,5,0,+,0,-,0,0,0
062,12,5,+,+,+,-,+,+,-
062,2,3,0,0,0,0,0,0,0
087,23,4,-,0,0,-,0,0,-
087,29,2,+,0,+,-,-,-,+
087,12,4,-,+,+,+,+,+,-
087,47,4,-,0,+,+,0,-,0
087,13,3,-,0,0,-,0,+,0
087,42,4,-,0,0,0,0,0,0
087,50,2,-,0,0,0,,0,0
087,46,3,0,0,0,-,+,0,0
087,30,4,-,0,+,0,0,0,0
087,40,2,0,+,+,+,-,0,0
087,35,1,-,0,0,-,-,0,0
087,3,4,+,+,-,+,+,0,0
087,43,3,0,0,0,0,0,0,0
087,11,4,+,0,-,+,0,0,0
087,15,4,-,0,+,0,0,0,0
087,2,3,-,-,0,+,,0,0
087,48,3,+,0,+,+,0,0,0
087,10,3,,0,-,0,-,0,0
087,5,4,+,0,0,-,+,0,0
087,34,2,+,0,+,0,-,0,0
100,35,3,,,+,,+,+,
100,46,1,-,+,-,,,,-
100,47,1,,,,-,,,
100,30,2,,,+,,+,,
100,48,2,,,,,,,
100,13,3,,+,,,+,+,
100,3,3,+,,,+,+,+,
100,23,1,,,,,,,
100,11,3,,,,,,+,
100,42,3,,+,,,,,+
100,43,2,,+,,,,-,+
100,50,4,,,+,,,,
100,2,1,,,,,,,
100,15,4,,+,,+,+,+,
100,12,3,,,+,,+,+,
100,10,3,+,,,,,,
100,34,1,,,,,,,
100,40,2,,,,,,,
100,5,3,+,,,,+,,
100,29,2,,+,,,,-,
101,48,2,0,0,-,+,0,+,0
101,42,3,0,0,0,+,0,+,-
101,2,3,0,0,+,+,0,+,0
101,10,2,+,0,0,+,0,+,+
101,12,1,0,0,-,+,0,+,+
101,15,2,0,0,0,+,0,+,+
101,34,1,0,0,+,+,0,+,0
101,11,3,0,0,0,+,0,+,-
101,3,3,-,0,-,+,0,+,-
101,29,4,-,0,0,+,0,+,-
101,35,3,0,0,+,+,0,+,0
101,23,2,0,0,0,+,0,+,+
101,46,1,+,0,-,+,0,+,+
101,30,1,+,0,0,+,0,+,+
101,50,3,0,0,+,+,0,+,0
101,13,,0,0,0,+,0,+,-
101,43,2,-,0,-,+,0,+,-
101,40,4,-,0,0,+,0,+,-
101,5,3,+,0,+,+,0,+,0
101,47,4,,0,0,+,0,+,+
107,2,1,+,0,-,0,0,+,+
107,47,5,-,0,+,0,+,-,+
107,13,1,0,0,0,0,+,+,+
107,12,4,0,0,0,-,+,+,+
107,42,5,-,0,0,-,+,-,+
107,46,1,0,0,0,-,-,+,+
107,5,5,0,0,0,,,+,+
107,3,5,-,0,0,0,+,+,+
107,48,5,-,+,+,-,+,+,+
107,40,5,-,+,+,-,+,-,+
107,50,5,0,0,0,-,-,-,+
107,29,1,-,0,0,+,-,-,+
107,34,5,0,0,0,-,+,+,+
107,11,5,+,-,-,-,0,+,+
107,35,5,-,+,+,-,+,+,+
107,15,5,-,+,+,-,+,+,+
107,23,5,-,+,+,+,-,+,+
107,43,2,-,+,+,-,+,+,+
107,10,5,+,0,-,+,,-,+
107,30,5,-,+,+,,,+,+
213,48,4,-,0,0,-,0,+,0
213,23,3,-,0,+,0,0,0,0
213,5,4,+,-,-,0,0,+,0
213,12,3,-,0,0,+,0,+,-
213,40,3,-,0,+,+,0,-,0
213,34,3,-,0,0,0,0,0,0
213,35,4,+,0,0,0,+,+,0
213,11,3,0,0,0,+,-,0,0
213,29,4,-,0,0,0,0,0,0
213,2,4,-,0,0,0,0,0,0
213,47,4,-,0,0,0,0,-,0
213,50,3,-,+,0,-,0,0,0
213,3,4,+,0,0,0,0,+,0
213,10,3,+,0,-,0,0,-,+
213,42,5,0,0,+,0,0,0,0
213,30,3,-,0,0,0,0,0,0
213,15,4,-,0,0,-,0,0,0
213,13,2,-,0,0,-,0,0,0
213,46,3,-,0,0,-,0,+,0
213,43,4,-,0,+,0,0,0,0
170,50,3,-,0,0,-,0,+,0
170,15,4,-,+,0,-,+,+,0
170,29,1,0,0,0,-,0,0,0
170,43,3,-,0,+,0,0,0,0
170,10,3,0,0,-,0,+,-,0
170,48,2,-,0,0,-,0,0,0
170,47,4,-,0,+,-,0,0,-
170,30,3,-,0,0,-,0,+,0
170,46,2,-,0,0,-,0,+,0
170,11,4,0,0,-,0,0,+,0
170,35,3,-,0,0,-,0,+,0
170,23,4,-,0,0,-,,+,0
170,3,4,0,0,-,0,0,+,0
170,42,3,0,0,0,0,0,-,0
170,13,1,-,0,0,-,0,0,0
170,12,2,-,+,0,-,0,0,0
170,5,4,0,0,-,0,0,+,0
170,34,1,-,0,0,-,0,+,0
170,40,3,-,0,0,-,0,-,0
170,2,4,-,0,0,0,0,+,0
168,10,3,+,0,-,-,0,-,+
168,11,4,+,+,0,0,+,+,0
168,42,4,-,0,+,-,+,0,0
168,15,3,-,+,+,-,0,+,+
168,43,3,-,0,0,-,-,0,0
168,40,4,-,0,+,0,+,0,+
168,30,5,-,+,+,0,+,+,+
168,12,3,-,+,+,-,+,+,-
168,35,3,-,+,+,-,0,+,0
168,34,4,-,+,+,0,0,+,0
168,29,4,+,+,+,-,0,0,0
168,46,2,-,+,+,-,-,0,0
168,2,3,-,0,+,-,+,0,0
168,48,4,-,+,+,-,0,0,0
168,50,3,-,+,+,-,0,0,0
168,5,3,0,0,0,0,0,0,0
168,23,4,-,0,+,-,+,0,0
168,3,3,+,0,-,-,+,0,0
168,47,3,-,0,+,-,0,0,0
168,13,2,-,0,0,-,-,0,-
214,34,3,0,0,+,-,0,0,+
214,5,5,+,0,0,0,+,0,0
214,42,4,0,0,+,0,+,0,0
214,47,5,0,0,+,-,+,0,0
214,30,2,0,0,+,-,0,0,0
214,48,2,0,+,0,-,0,0,0
214,11,5,+,0,0,0,+,0,0
214,2,2,0,0,+,0,0,0,0
214,23,3,0,0,+,0,0,0,0
214,46,2,0,+,0,-,0,0,0
214,3,4,+,0,0,0,+,0,0
214,35,2,0,+,+,0,0,0,0
214,10,5,+,0,0,0,0,0,0
214,50,1,0,+,+,0,0,0,0
214,43,4,0,0,+,0,0,0,0
214,12,4,0,0,+,0,+,+,-
214,13,1,0,0,+,0,0,+,-
214,40,3,0,0,+,0,0,0,0
214,29,4,0,0,+,0,0,0,0
214,15,3,0,+,0,0,0,0,0
212,3,4,+,+,0,-,+,+,0
212,48,3,-,+,+,-,+,+,0
212,2,4,-,+,+,-,0,+,0
212,43,5,-,+,+,-,+,+,0
212,15,3,-,0,0,-,0,+,0
212,35,5,-,+,+,-,+,+,+
212,5,5,+,+,+,-,+,+,0
212,46,4,-,+,,-,0,0,0
212,40,5,-,+,+,-,+,-,0
212,30,5,-,+,+,-,+,+,0
212,13,3,-,-,+,-,0,+,-
212,29,4,0,+,0,-,+,-,+
212,50,3,-,0,+,-,0,+,-
212,34,4,-,-,+,-,+,+,0
212,10,4,+,+,-,-,0,-,+
212,12,3,-,+,+,-,-,+,-
212,23,5,-,+,+,+,+,+,0
212,47,5,-,+,+,0,+,-,+
212,11,5,+,+,+,+,,+,0
212,42,5,-,+,+,+,,-,0
209,34,3,0,0,+,0,+,0,0
209,23,5,0,0,+,0,+,0,0
209,15,3,0,+,,-,0,0,0
209,11,4,+,0,0,0,+,0,0
209,50,2,0,+,+,0,0,0,0
209,5,2,0,0,0,0,0,0,0
209,29,1,0,0,0,+,0,0,0
209,47,4,0,0,+,+,+,0,0
209,43,2,0,0,0,+,0,0,0
209,3,2,0,0,0,0,0,0,0
209,40,2,0,0,0,0,0,0,0
209,30,3,0,0,0,0,0,0,0
209,46,2,0,0,0,+,0,0,0
209,42,3,0,0,0,0,0,0,0
209,13,2,0,0,0,0,0,0,0
209,48,1,0,0,0,0,0,0,0
209,12,4,+,+,+,+,+,+,-
209,10,3,0,0,0,0,0,0,0
209,35,5,0,0,+,0,+,0,0
209,2,1,-,-,0,0,0,0,0
208,10,3,+,0,-,-,+,+,-
208,47,4,-,0,+,0,0,0,0
208,42,4,-,0,+,-,0,0,0
208,30,4,-,0,0,-,+,0,0
208,50,3,-,0,0,-,0,0,0
208,23,4,-,0,+,-,0,0,0
208,29,4,0,+,-,0,0,+,-
208,35,3,-,0,+,-,0,0,0
208,15,4,-,+,0,-,+,0,0
208,11,5,+,0,-,+,+,+,-
208,48,4,-,0,0,-,+,0,0
208,2,4,-,0,+,-,0,0,0
208,43,3,-,0,0,-,0,0,0
208,3,4,+,+,+,+,+,+,-
208,46,5,-,+,+,0,+,+,0
208,5,5,+,+,-,+,+,+,-
208,34,5,-,+,0,-,+,0,0
208,12,5,-,+,+,-,+,+,-
208,40,3,-,0,+,-,0,0,0
208,13,2,-,0,+,-,0,0,0
136,34,3,-,0,+,-,0,+,+
136,40,4,-,0,+,0,+,-,+
136,23,4,-,0,+,0,-,0,0
136,47,4,-,0,+,0,0,0,0
136,48,2,-,0,0,-,+,-,0
136,3,5,+,0,-,-,+,-,+
136,29,2,0,0,0,-,-,-,0
136,35,2,-,+,0,-,0,+,0
136,2,3,-,-,+,-,+,-,+
136,46,4,-,0,+,-,0,0,0
136,5,5,+,+,-,-,+,+,0
136,12,5,-,-,+,-,+,+,-
136,15,5,-,0,+,-,+,+,+
136,43,4,-,-,+,-,-,+,-
136,50,3,-,0,0,-,0,0,0
136,10,5,+,+,-,-,+,-,0
136,13,2,-,-,0,-,0,0,0
136,42,4,-,0,+,-,0,0,0
136,30,5,-,0,+,+,+,+,+
136,11,5,+,0,-,+,+,+,+
172,10,3,+,0,-,0,+,0,0
172,11,4,+,0,-,0,0,0,0
172,46,3,0,0,+,+,0,0,0
172,5,2,+,0,-,0,0,0,0
172,12,3,-,0,+,0,0,+,-
172,40,2,-,0,+,0,0,0,0
172,43,3,-,-,+,0,0,0,0
172,47,3,-,0,0,0,0,0,0
172,29,1,0,0,0,0,0,0,0
172,2,4,-,0,0,0,0,0,0
172,42,3,-,-,0,-,0,0,0
172,50,4,-,0,0,-,0,0,0
172,30,4,-,0,0,0,0,0,0
172,34,4,-,0,0,0,0,0,0
172,3,3,+,0,-,0,0,0,0
172,15,4,-,0,0,0,0,0,0
172,23,4,-,0,0,0,0,0,0
172,13,3,-,0,0,0,0,0,0
172,48,2,-,0,0,0,0,0,0
172,35,2,-,0,0,0,0,0,0
152,35,3,-,+,+,+,-,+,-
152,23,4,-,0,+,-,+,+,-
152,5,3,+,+,-,0,+,0,-
152,3,4,+,+,-,+,+,+,+
152,46,2,-,0,0,0,-,0,0
152,29,2,0,0,0,+,-,0,0
152,50,3,0,+,+,-,+,0,0
152,48,3,-,+,0,0,+,+,0
152,10,3,+,0,-,+,+,0,+
152,12,4,-,+,+,+,+,+,-
152,43,2,-,+,+,+,-,0,0
152,42,4,-,+,+,+,+,0,0
152,30,4,-,0,+,0,+,0,0
152,40,3,-,0,+,+,+,0,0
152,47,3,-,0,+,+,0,0,0
152,15,3,-,+,+,-,+,+,-
152,13,2,-,0,+,-,+,+,-
152,2,2,-,-,+,+,-,0,0
152,11,3,+,0,-,0,+,0,0
152,34,4,-,+,+,0,+,0,0
154,2,4,-,0,+,0,+,0,+
154,35,4,-,+,+,-,0,0,0
154,47,3,-,0,+,+,0,0,0
154,42,3,-,0,0,0,0,0,+
154,48,3,-,+,+,-,0,0,0
154,40,4,-,0,0,0,0,0,0
154,11,4,+,+,-,0,+,+,+
154,43,4,-,0,0,0,0,0,0
154,34,3,-,0,0,-,0,0,0
154,46,5,-,+,+,+,+,+,+
154,10,3,+,+,-,0,0,+,+
154,13,2,-,0,0,-,+,0,0
154,23,3,-,0,0,0,0,0,0
154,3,4,+,+,+,0,0,+,+
154,15,3,-,0,0,-,+,0,0
154,5,4,+,+,+,0,+,0,0
154,30,4,-,0,0,0,0,0,0
154,12,5,-,0,+,+,+,+,-
154,50,2,-,0,+,-,0,0,0
154,29,5,0,+,+,0,0,0,0
155,40,3,-,0,+,-,0,-,0
155,11,5,+,+,+,0,+,+,0
155,3,4,+,+,0,-,0,0,0
155,10,3,+,0,-,-,0,-,0
155,48,2,-,0,0,-,0,0,0
155,43,1,-,-,-,-,-,-,-
155,47,3,0,0,+,0,0,-,0
155,13,1,-,-,-,-,-,-,-
155,35,5,0,+,+,-,+,+,+
155,5,3,0,0,0,0,0,0,0
155,30,4,-,0,+,+,+,+,+
155,15,5,-,+,0,-,+,+,0
155,42,4,-,0,+,0,+,0,0
155,46,1,-,-,-,-,-,-,-
155,50,3,-,-,0,-,0,-,0
155,34,5,-,0,+,0,+,+,+
155,12,5,-,0,+,-,+,+,-
155,23,2,-,-,0,+,0,+,+
155,2,5,+,+,+,+,+,+,+
155,29,5,+,+,+,+,+,+,+
157,11,4,+,+,-,0,+,+,-
157,12,4,0,+,+,0,+,+,-
157,30,5,-,+,+,+,+,0,0
157,13,2,+,+,-,-,0,+,-
157,15,3,-,+,+,0,+,0,0
157,50,3,0,+,+,0,+,0,0
157,23,5,-,+,+,+,+,0,0
157,43,5,-,0,+,+,+,0,0
157,46,4,-,-,+,0,0,0,0
157,2,5,0,+,+,0,0,0,0
157,42,4,-,0,,0,0,+,+
157,35,3,-,+,+,+,+,0,0
157,29,5,+,+,-,0,+,+,-
157,47,5,-,+,+,+,+,0,0
157,34,4,-,+,+,+,+,0,0
157,10,4,+,0,-,+,0,0,0
157,40,5,-,+,+,0,+,0,0
157,48,4,+,+,-,0,+,0,0
157,5,4,+,+,+,+,+,0,0
157,3,5,-,0,0,0,0,0,0
153,35,5,-,+,+,-,+,0,0
153,48,4,-,+,+,-,0,0,0
153,50,4,-,0,0,-,0,0,0
153,47,3,-,0,+,-,0,-,+
153,3,4,+,0,-,-,+,+,+
153,12,4,+,+,+,-,,+,-
153,23,5,-,+,+,-,+,+,-
153,13,2,0,0,0,-,+,0,0
153,2,2,-,0,0,0,0,0,0
153,34,4,-,0,+,0,+,+,0
153,5,4,+,0,-,0,+,0,0
153,30,3,-,0,0,-,+,0,0
153,42,4,-,0,+,0,0,0,-
153,29,2,+,0,-,-,0,-,+
153,43,4,-,0,+,0,+,0,0
153,46,3,-,0,0,+,0,0,0
153,15,4,-,+,+,0,+,0,+
153,11,4,+,0,-,-,0,-,+
153,40,3,-,-,+,0,+,+,+
153,10,5,+,0,-,0,0,0,0
156,2,4,-,-,+,0,+,+,+
156,46,4,-,+,+,-,+,+,-
156,12,4,-,+,+,+,+,+,-
156,5,5,+,+,-,+,+,+,+
156,23,3,-,+,+,+,+,+,-
156,43,4,-,+,+,+,+,+,0
156,47,4,-,+,+,+,+,+,0
156,3,4,-,0,-,0,+,+,+
156,13,3,-,0,0,-,+,+,-
156,10,4,+,+,-,0,+,+,0
156,15,4,-,+,+,-,+,+,0
156,30,4,-,+,+,+,+,+,0
156,34,3,-,+,+,0,+,+,-
156,50,3,-,+,+,+,+,+,-
156,35,5,-,+,+,+,+,+,-
156,29,4,+,+,-,-,+,+,+
156,42,4,-,+,+,-,+,+,-
156,48,5,-,+,+,+,+,+,-
156,40,4,-,+,+,+,+,+,0
156,11,4,+,+,-,+,+,+,0
143,23,4,0,0,+,0,+,0,0
143,13,2,0,+,0,-,0,+,0
143,10,3,+,0,0,0,0,0,0
143,5,3,0,0,0,0,0,0,0
143,43,3,0,0,0,0,0,0,0
143,40,3,0,0,0,0,0,0,0
143,3,3,+,0,0,0,0,0,0
143,34,1,-,0,0,0,0,0,0
143,42,3,0,0,0,0,0,0,0
143,46,2,0,0,0,0,0,0,0
143,47,4,0,0,+,0,+,0,0
143,50,2,-,0,0,-,0,0,0
143,11,3,+,0,0,0,0,0,0
143,2,2,0,0,+,0,0,0,0
143,12,3,0,0,0,-,0,+,-
143,15,4,0,0,0,0,0,0,0
143,29,4,0,0,0,0,0,0,0
143,35,2,0,0,0,0,0,0,0
143,48,1,0,0,0,-,-,0,0
143,30,3,0,0,0,0,0,0,0
179,10,2,+,0,-,0,+,0,+
179,43,4,-,-,+,+,+,0,+
179,15,4,-,+,0,0,+,0,0
179,42,4,-,-,+,0,0,0,0
179,13,4,-,0,+,0,+,+,+
179,3,3,+,+,-,0,+,0,0
179,2,5,-,0,+,+,+,0,0
179,46,4,0,+,0,0,0,0,0
179,23,3,-,-,+,+,-,0,0
179,35,5,-,+,+,0,+,0,0
179,34,2,-,0,+,-,0,0,0
179,29,1,0,+,0,-,-,0,0
179,48,3,-,0,0,0,0,0,0
179,30,3,-,0,+,0,0,-,+
179,12,5,-,0,+,0,+,+,-
179,11,4,+,+,-,0,+,0,0
179,40,3,-,-,+,+,0,0,0
179,5,5,+,+,-,0,+,0,0
179,50,4,-,0,+,-,+,0,0
179,47,5,-,-,+,+,0,0,0
178,3,2,+,-,-,-,+,0,+
178,40,4,-,0,+,-,+,0,+
178,13,1,-,+,-,-,0,0,0
178,50,1,-,0,-,-,0,0,0
178,42,4,-,0,+,0,+,+,+
178,34,4,-,0,+,-,+,+,+
178,43,3,-,0,+,0,+,+,+
178,10,3,+,-,-,-,0,0,+
178,15,3,-,0,0,-,0,0,0
178,46,4,-,+,0,0,0,0,0
178,30,5,-,+,+,-,+,+,+
178,11,3,+,-,-,-,+,0,+
178,35,2,-,0,0,-,-,0,0
178,48,5,-,+,+,-,+,+,+
178,5,2,+,-,-,-,+,0,+
178,23,2,-,+,0,-,0,0,0
178,2,2,-,-,+,-,+,+,0
178,47,2,-,+,-,-,-,0,+
178,12,3,-,+,-,-,0,+,-
178,29,3,+,-,-,-,0,0,+
187,13,2,-,-,0,-,0,+,0
187,47,4,-,-,+,+,+,0,+
187,23,2,-,0,0,-,0,0,+
187,50,2,-,0,0,-,0,0,0
187,35,3,-,0,+,0,+,0,0
187,40,3,-,0,+,0,+,0,0
187,3,4,+,0,-,0,0,+,0
187,5,2,0,0,-,-,-,0,-
187,46,3,-,0,-,0,0,0,0
187,11,3,+,0,-,0,0,0,0
187,42,2,-,0,0,0,0,0,0
187,48,2,-,0,0,-,0,0,+
187,2,3,-,0,+,+,+,0,0
187,43,4,-,0,+,+,+,-,+
187,15,3,-,0,+,0,0,0,0
187,12,4,-,0,+,-,+,+,-
187,10,2,0,0,-,-,0,0,0
187,34,2,-,0,+,-,0,0,0
187,29,2,-,0,+,-,0,0,0
187,30,2,-,0,0,-,0,0,0
186,3,2,-,+,0,0,+,0,+
186,15,3,-,+,+,+,+,0,0
186,42,3,-,0,0,0,+,0,0
186,50,4,-,+,+,-,+,0,0
186,11,4,+,0,-,-,+,+,0
186,23,4,-,+,+,-,+,0,0
186,43,2,-,0,0,-,0,0,0
186,48,3,-,+,0,0,0,0,0
186,34,3,-,+,+,+,+,0,-
186,10,4,+,-,-,+,+,+,+
186,5,4,+,0,-,+,+,0,0
186,30,4,-,0,+,0,+,0,0
186,12,3,-,0,+,-,+,0,+
186,29,2,-,+,0,-,+,+,-
186,35,4,-,+,+,-,0,0,0
186,2,2,-,+,0,-,0,0,0
186,40,3,-,0,+,-,+,0,0
186,47,2,-,+,+,+,-,0,0
186,46,2,-,+,0,+,0,0,0
186,13,3,-,-,+,-,+,0,0
193,11,5,0,0,0,0,0,+,0
193,47,3,-,0,0,0,0,0,0
193,10,5,0,0,0,0,0,0,0
193,34,4,-,0,0,0,0,+,0
193,48,3,-,0,0,-,0,0,0
193,30,4,-,0,0,0,0,0,0
193,40,3,-,0,0,0,0,0,0
193,42,4,-,0,0,0,0,0,0
193,50,4,-,0,0,-,0,0,0
193,43,3,-,0,0,-,0,0,0
193,46,3,-,0,0,-,0,0,0
193,35,3,-,0,0,-,0,0,0
193,5,4,0,0,0,-,0,+,0
193,12,4,-,0,0,0,0,+,0
193,23,3,-,0,0,0,0,0,0
193,29,3,0,0,0,0,0,0,0
193,13,3,-,0,0,-,0,0,0
193,3,5,0,0,0,0,0,+,0
193,2,3,-,0,0,0,0,0,0
193,15,3,-,0,0,-,0,0,0
191,42,4,-,0,+,0,+,0,0
191,47,2,-,0,+,+,0,0,0
191,15,5,-,+,0,0,+,+,0
191,3,4,+,0,0,0,+,0,0
191,43,2,-,0,+,0,+,0,0
191,11,4,+,0,0,0,+,0,0
191,5,4,-,0,0,0,+,0,0
191,13,5,-,-,+,-,+,0,0
191,40,5,-,-,+,-,+,0,0
191,48,5,-,-,+,-,+,0,0
191,29,2,-,+,0,+,0,0,0
191,10,4,+,0,-,0,+,0,0
191,23,2,-,0,+,+,+,0,0
191,34,4,-,0,+,+,+,0,0
191,35,4,-,+,+,+,+,0,0
191,50,4,-,+,+,-,+,0,0
191,2,4,-,0,+,0,+,0,0
191,46,4,-,0,+,+,+,0,0
191,30,4,-,+,+,-,+,0,0
191,12,5,-,+,+,-,+,+,-
192,11,4,+,0,-,0,+,+,0
192,46,2,-,+,0,0,0,0,-
192,35,3,-,0,+,-,0,0,0
192,48,4,-,+,0,-,+,0,0
192,15,4,0,+,0,0,0,+,0
192,2,3,-,-,+,+,0,0,0
192,13,4,-,0,+,-,+,0,-
192,42,4,0,0,+,+,0,0,0
192,47,4,-,0,+,0,0,0,0
192,12,5,0,+,+,0,+,+,-
192,43,3,0,0,+,0,0,0,0
192,5,5,+,0,0,0,0,+,0
192,23,3,-,0,0,0,0,0,+
192,30,5,0,0,0,0,+,0,0
192,10,3,+,+,-,0,0,0,0
192,3,5,+,+,0,0,+,+,-
192,40,4,0,0,+,-,0,0,0
192,50,4,-,+,+,-,0,0,0
192,34,4,-,0,0,0,0,0,0
192,29,3,0,0,0,0,0,0,0
199,13,3,-,+,+,-,0,+,-
199,11,4,+,0,-,+,0,0,0
199,10,3,+,0,-,0,0,0,0
199,48,3,-,0,0,-,0,0,0
199,40,3,-,0,0,-,-,0,0
199,23,4,-,+,+,+,0,0,0
199,5,4,-,+,+,-,0,+,-
199,43,3,-,0,0,0,0,0,0
199,2,4,-,-,+,0,+,+,0
199,35,4,-,0,0,0,0,0,0
199,3,3,0,0,0,-,0,0,0
199,50,3,-,0,0,-,0,-,+
199,42,3,-,0,0,-,0,-,0
199,12,5,0,+,+,0,+,+,-
199,15,3,-,0,0,-,0,0,0
199,30,5,-,0,+,0,+,+,0
199,29,2,0,0,-,0,0,-,0
199,34,4,-,0,0,-,+,+,-
199,46,4,-,+,+,-,0,0,0
199,47,4,-,0,0,-,0,0,0
176,42,3,-,-,0,-,0,0,0
176,50,3,-,+,0,-,+,0,0
176,10,4,+,-,-,0,0,0,0
176,29,3,0,+,-,0,0,0,0
176,48,5,-,-,+,0,+,+,0
176,23,1,-,0,0,0,0,0,0
176,46,3,-,0,0,0,0,+,0
176,5,3,0,0,-,0,0,+,0
176,47,2,-,0,+,0,0,0,0
176,2,3,0,0,0,0,0,-,0
176,34,5,0,+,+,0,0,0,0
176,3,3,0,+,-,0,0,0,0
176,13,3,-,-,+,-,0,0,0
176,11,3,-,0,0,-,-,0,0
176,40,5,-,0,+,0,+,0,0
176,35,3,-,-,0,0,0,0,0
176,12,4,-,+,+,0,+,+,-
176,43,4,-,-,+,0,+,0,0
176,30,4,-,0,+,0,0,0,0
176,15,2,-,0,+,0,0,0,0
177,11,5,+,+,-,-,+,+,0
177,43,2,-,-,+,+,-,+,0
177,10,4,+,+,-,0,+,-,+
177,12,3,-,-,+,0,+,+,0
177,48,2,-,-,+,0,+,-,+
177,2,2,-,-,+,-,0,-,0
177,42,3,-,+,+,-,+,-,+
177,3,4,+,+,-,-,+,-,+
177,34,4,-,-,+,+,+,+,-
177,40,2,-,-,+,-,+,-,+
177,35,3,-,-,+,-,+,-,+
177,47,3,-,+,+,+,0,-,+
177,13,1,-,+,-,-,0,0,0
177,46,1,-,-,0,-,+,-,+
177,30,3,-,0,+,-,+,0,0
177,23,3,-,0,+,-,+,0,0
177,50,2,-,0,0,0,0,0,0
177,15,3,-,0,0,0,0,0,0
177,29,2,+,+,-,-,0,0,0
177,5,3,+,+,-,0,+,+,0
205,34,3,-,0,0,-,0,0,0
205,10,4,+,0,-,0,0,0,0
205,43,3,-,+,0,-,0,+,0
205,29,4,0,+,0,0,0,0,+
205,15,1,-,0,0,-,0,0,0
205,46,4,-,0,0,-,0,0,0
205,11,3,+,0,-,0,0,0,0
205,2,4,-,0,+,+,0,0,0
205,42,4,-,0,+,0,+,0,0
205,13,3,-,-,+,-,+,+,-
205,50,3,-,0,+,-,+,+,-
205,12,4,0,+,+,0,+,+,0
205,40,4,-,0,0,0,0,0,0
205,5,3,+,0,0,0,0,0,0
205,30,4,0,0,0,+,0,0,0
205,48,2,-,0,0,-,0,0,0
205,3,3,0,0,-,0,+,+,-
205,23,2,-,0,0,0,0,0,0
205,47,5,-,0,+,0,0,0,0
205,35,1,-,0,0,0,0,0,0
220,43,3,-,0,+,-,+,0,+
220,23,4,-,+,+,-,+,+,-
220,2,2,-,0,+,-,+,0,+
220,46,2,-,+,+,-,0,+,0
220,50,1,-,+,+,-,+,0,0
220,3,3,+,+,0,0,0,+,0
220,30,5,-,+,+,-,+,0,+
220,15,3,-,+,+,-,+,+,0
220,40,4,-,0,+,-,+,0,+
220,13,2,-,0,0,-,+,+,0
220,34,2,-,+,+,-,+,0,0
220,29,4,+,0,-,0,0,0,0
220,5,2,+,0,0,0,+,+,0
220,12,4,-,0,+,-,+,+,-
220,35,5,-,+,+,+,+,+,0
220,10,2,+,0,-,0,0,0,+
220,47,2,-,0,+,-,+,-,+
220,48,4,-,0,+,-,+,+,0
220,42,5,-,0,+,+,+,0,+
220,11,5,+,+,-,+,+,+,0
163,15,3,-,+,+,-,+,0,0
163,46,3,-,+,+,-,+,0,0
163,48,4,-,+,+,+,+,0,0
163,47,2,-,0,+,-,+,-,0
163,2,3,-,0,+,0,+,+,0
163,5,5,+,-,-,-,+,0,0
163,11,5,+,-,-,-,+,0,0
163,3,5,+,-,-,-,+,0,0
163,30,4,-,+,+,0,+,0,0
163,42,4,-,0,+,0,+,0,0
163,40,,,,,,,,
163,29,3,-,0,+,-,+,0,0
163,13,,,,,,,,
163,50,2,-,+,-,-,+,0,0
163,35,4,-,+,+,-,+,0,0
163,23,,,,,,,,
163,12,2,-,0,+,-,+,0,0
163,43,4,-,0,+,0,+,0,0
163,10,2,-,0,+,+,+,0,0
163,34,4,-,0,+,0,+,0,0
164,10,3,+,0,-,-,0,0,+
164,11,4,+,0,-,0,+,+,+
164,5,2,+,+,0,+,+,+,+
164,48,3,-,+,0,0,-,0,0
164,46,3,0,+,0,-,-,0,0
164,30,4,-,0,+,0,0,0,0
164,42,2,-,0,+,+,0,0,0
164,3,4,+,0,-,0,+,+,-
164,50,2,0,0,0,-,0,-,0
164,29,2,0,0,0,-,+,0,+
164,15,3,0,+,+,-,-,0,0
164,23,4,-,+,+,-,0,0,0
164,13,3,-,-,+,-,-,-,-
164,12,3,-,0,+,-,0,+,0
164,35,3,0,+,+,0,0,0,0
164,43,4,-,,+,-,+,0,0
164,34,3,-,0,+,0,0,0,0
164,40,2,-,0,+,-,0,0,0
164,2,4,-,0,+,-,0,+,0
164,47,3,-,0,+,-,0,0,0
166,15,1,+,0,+,+,0,+,0
166,12,3,-,+,+,-,+,+,+
166,30,4,-,+,0,-,-,+,+
166,40,3,-,+,-,+,-,+,+
166,46,4,+,0,,+,,0,0
166,13,,,,,,,,
166,5,5,-,+,+,-,+,-,-
166,42,4,+,+,-,+,+,-,-
166,43,5,0,+,+,+,+,+,+
166,35,4,-,+,+,+,+,-,+
166,50,4,0,+,+,-,+,-,+
166,11,3,+,0,-,+,-,-,-
166,47,4,-,+,+,+,+,-,+
166,29,2,-,0,0,-,+,0,0
166,10,3,0,+,0,-,+,0,0
166,2,2,+,0,-,+,+,0,0
166,48,4,0,-,+,,+,0,0
166,34,4,+,-,+,,+,0,+
166,3,2,0,-,+,,0,+,+
166,23,3,-,-,+,0,+,-,+
167,35,5,+,0,0,-,+,0,-
167,3,2,+,+,+,+,0,+,+
167,29,4,+,+,+,+,+,+,+
167,11,4,+,+,+,+,+,+,+
167,15,3,-,0,0,-,0,0,0
167,34,2,-,0,0,0,-,+,+
167,30,3,-,-,+,-,+,0,0
167,2,2,-,0,0,-,0,0,+
167,42,5,0,+,+,+,+,+,+
167,40,4,-,0,0,-,0,0,-
167,50,2,+,-,-,-,0,0,0
167,46,4,-,0,+,0,+,+,+
167,23,3,-,0,0,0,0,0,0
167,47,4,-,0,0,0,+,0,0
167,43,4,-,+,+,+,+,0,+
167,48,2,-,+,0,-,+,-,+
167,5,5,+,0,-,+,+,+,0
167,12,3,-,0,+,0,+,0,0
167,13,2,0,-,-,-,0,-,0
167,10,5,+,0,-,+,+,+,+
210,40,4,-,0,+,0,+,0,0
210,47,4,-,0,+,+,0,0,0
210,2,3,-,-,+,0,0,,
210,11,5,+,0,-,0,+,+,0
210,30,5,-,0,+,0,+,+,0
210,23,3,-,0,+,+,-,0,0
210,42,4,-,0,0,0,0,0,0
210,46,3,-,+,0,0,0,+,0
210,12,4,-,0,+,+,0,+,-
210,34,5,-,0,+,0,0,+,0
210,3,3,+,+,-,0,+,+,0
210,15,5,-,+,0,-,+,+,0
210,13,5,-,+,0,-,+,+,-
210,43,4,-,0,+,+,0,0,0
210,35,3,-,0,0,0,+,+,0
210,10,4,+,0,-,0,+,0,0
210,48,4,-,0,+,0,+,+,0
210,50,5,-,+,0,-,+,+,-
210,29,2,0,0,-,+,-,0,0
210,5,4,+,0,-,0,+,+,0
190,40,3,-,0,0,-,0,-,0
190,2,3,-,0,0,-,-,+,0
190,35,4,-,0,+,-,+,+,0
190,11,4,+,0,0,0,0,0,0
190,13,2,-,0,-,-,0,0,0
190,43,3,-,0,0,0,0,0,0
190,23,2,-,0,0,0,0,0,0
190,48,4,-,0,0,0,0,0,0
190,50,4,-,0,+,-,0,0,0
190,46,3,-,0,0,0,0,+,0
190,10,4,+,0,-,0,0,0,0
190,47,2,-,0,0,-,-,0,0
190,34,4,-,+,+,+,+,+,0
190,3,4,+,0,-,0,0,0,0
190,30,4,-,0,+,+,+,0,0
190,42,4,-,0,0,+,0,0,0
190,29,2,-,+,0,0,0,0,0
190,12,4,-,-,+,-,+,+,-
190,5,4,+,0,-,0,0,0,0
190,15,4,-,0,0,-,+,0,0
180,3,3,+,+,-,-,+,+,0
180,30,4,-,-,+,-,+,+,0
180,5,4,+,+,+,-,+,+,0
180,34,3,-,-,+,0,+,+,0
180,48,3,-,+,0,-,0,+,0
180,10,3,+,+,-,0,+,-,+
180,13,3,-,-,+,-,0,+,0
180,2,2,-,-,+,-,+,+,+
180,15,3,-,+,0,-,+,+,0
180,43,4,-,+,+,+,+,+,+
180,40,3,-,+,+,+,+,-,+
180,12,2,-,0,0,+,0,+,-
180,23,4,-,0,+,+,0,+,+
180,11,4,+,0,-,0,+,+,+
180,47,2,-,0,+,0,+,-,0
180,50,3,-,+,+,-,0,-,+
180,46,4,-,+,0,+,+,+,+
180,42,3,-,0,+,+,+,-,0
180,29,2,-,+,-,-,+,-,0
180,35,2,-,0,0,0,0,0,0
183,46,2,0,0,+,0,0,+,0
183,5,3,+,0,0,0,0,+,0
183,35,4,,+,0,0,+,+,0
183,15,2,0,0,0,0,+,+,0
183,29,2,0,0,0,+,0,-,+
183,40,4,0,+,0,+,+,-,+
183,42,4,0,+,+,0,0,-,+
183,48,3,0,0,0,0,0,+,-
183,11,4,+,0,0,0,0,+,-
183,34,5,0,+,+,+,+,+,-
183,13,3,-,0,+,-,0,+,-
183,50,3,-,0,+,-,0,-,+
183,43,4,-,+,+,+,0,+,-
183,10,3,+,0,0,0,0,-,+
183,2,4,-,0,+,+,+,+,-
183,12,4,-,,,,,+,-
183,3,2,+,+,-,0,0,+,-
183,30,5,-,+,+,0,0,+,-
183,47,4,-,0,+,+,0,-,+
183,23,5,-,+,+,0,0,+,-
137,43,4,-,0,+,0,+,+,0
137,34,4,-,+,0,-,0,0,0
137,29,5,0,+,-,0,0,0,0
137,35,4,0,0,0,-,+,0,0
137,15,4,-,+,-,-,0,0,0
137,47,3,-,0,+,0,+,0,0
137,42,3,-,0,+,0,+,0,0
137,10,4,+,+,-,+,+,0,0
137,48,5,-,+,+,-,+,+,0
137,3,5,+,+,-,+,+,+,0
137,12,5,-,-,+,+,+,+,-
137,50,4,-,+,+,-,+,0,0
137,11,4,+,0,-,0,+,0,0
137,5,4,+,+,-,0,+,0,0
137,46,5,-,+,0,0,0,0,0
137,30,4,-,-,+,0,+,0,0
137,13,2,-,-,+,-,+,0,0
137,40,4,-,0,+,-,+,0,0
137,2,2,-,-,+,-,0,0,0
137,23,2,-,-,+,0,0,0,0
171,46,5,-,+,+,+,+,+,+
171,23,5,-,0,+,+,+,+,+
171,42,4,-,+,+,+,+,0,+
171,30,5,-,+,+,+,+,+,+
171,2,5,-,0,+,0,+,+,+
171,47,3,-,-,+,+,-,-,+
171,3,5,+,0,-,+,+,+,+
171,40,3,-,-,+,-,+,-,+
171,48,3,-,0,+,-,+,+,+
171,11,5,+,0,-,+,+,+,+
171,43,,-,-,0,-,+,+,+
171,35,1,-,-,+,-,+,+,+
171,50,1,-,0,-,-,0,+,-
171,12,5,-,+,+,-,+,+,-
171,34,2,-,+,+,+,+,+,+
171,29,3,-,0,-,+,+,0,+
171,15,2,-,-,+,-,+,+,+
171,13,2,-,-,+,,-,+,-
171,5,4,+,+,-,+,+,+,+
171,10,4,+,0,-,+,+,+,+
174,12,4,0,0,0,-,+,+,0
174,35,4,0,0,+,0,0,0,0
174,15,2,0,0,0,0,0,0,0
174,11,3,+,0,-,+,0,0,-
174,5,3,0,0,0,0,0,0,0
174,40,5,0,+,+,-,+,0,0
174,48,4,-,0,0,-,0,0,0
174,43,4,-,+,+,0,+,0,0
174,3,3,+,0,-,0,0,0,0
174,29,2,0,0,0,0,0,0,0
174,46,3,0,0,+,-,+,0,+
174,50,4,-,+,-,-,0,0,-
174,2,3,-,-,+,-,0,0,+
174,10,3,0,-,-,0,-,-,2
174,30,5,-,+,+,0,+,+,+
174,42,3,-,0,-,-,0,0,-
174,47,2,0,0,0,0,0,0,0
174,34,4,-,0,0,-,0,0,0
174,23,2,-,0,+,0,0,0,0
174,13,2,-,-,-,-,0,0,0
175,13,3,-,+,+,-,0,+,0
175,23,4,-,+,+,+,+,+,+
175,40,5,0,+,+,0,+,+,+
175,46,4,0,+,+,0,+,+,+
175,3,5,+,0,0,+,+,+,0
175,35,4,0,+,+,0,+,+,+
175,48,4,-,+,+,-,+,0,-
175,47,2,-,0,0,-,0,0,0
175,42,4,-,+,+,0,+,+,+
175,43,4,0,+,+,0,+,+,+
175,12,5,0,+,+,-,+,+,-
175,11,5,+,0,0,0,+,+,+
175,50,2,-,0,0,-,0,0,0
175,30,5,0,+,+,+,+,+,+
175,15,2,0,0,0,-,0,0,0
175,2,1,0,0,0,-,0,0,0
175,29,3,0,0,0,-,0,0,0
175,10,5,+,0,0,+,+,+,+
175,34,4,0,+,+,0,+,+,+
175,5,5,+,0,0,0,+,+,+
146,15,3,-,+,0,-,+,-,0
146,3,4,+,0,-,-,+,0,+
146,23,3,-,-,0,-,0,-,0
146,29,3,0,+,0,-,0,+,+
146,5,5,+,0,-,0,+,0,0
146,40,4,-,-,+,0,0,-,+
146,35,2,-,-,0,-,0,-,+
146,48,3,-,0,+,-,0,-,+
146,34,4,-,0,0,-,+,0,0
146,10,4,+,+,-,0,+,0,+
146,13,2,0,0,0,-,-,0,0
146,30,3,-,-,+,-,+,0,+
146,50,2,0,0,0,-,+,0,0
146,46,4,-,+,+,+,+,0,+
146,12,4,0,+,+,-,+,+,-
146,43,4,-,0,0,-,0,0,0
146,11,4,0,+,-,+,+,0,0
146,42,4,-,-,+,-,+,0,+
146,47,3,-,0,+,0,0,0,0
146,2,2,-,-,0,-,0,+,0
145,12,5,+,+,+,-,+,+,-
145,29,2,+,0,0,+,0,0,0
145,13,5,0,0,+,-,+,0,0
145,10,4,+,0,-,+,0,0,0
145,2,5,0,+,+,+,+,0,0
145,23,1,-,-,-,-,-,-,-
145,50,5,0,+,+,0,+,0,0
145,48,4,0,+,0,+,+,0,0
145,40,5,+,+,+,+,+,0,0
145,43,5,+,+,+,+,+,0,0
145,42,3,0,0,0,0,0,0,0
145,5,4,+,0,-,+,0,0,0
145,30,4,-,0,+,0,0,0,0
145,15,4,-,0,+,0,0,0,0
145,11,2,+,0,-,0,0,0,0
145,34,4,-,+,+,0,+,0,0
145,3,4,+,0,-,+,0,0,0
145,47,5,0,+,+,+,+,0,0
145,35,2,-,-,+,-,-,0,0
145,46,4,0,+,+,+,+,0,0
144,46,4,-,+,+,-,+,+,+
144,3,3,+,0,-,0,0,+,-
144,5,2,+,0,-,0,+,+,+
144,30,5,-,+,+,0,+,+,+
144,34,4,+,+,+,0,+,0,0
144,43,4,-,-,+,+,0,0,0
144,15,5,-,0,+,-,+,0,0
144,2,2,-,-,+,0,0,0,0
144,48,3,-,-,0,-,+,0,0
144,11,4,+,+,-,0,+,+,0
144,23,2,0,0,0,-,-,0,0
144,13,4,-,+,+,-,+,+,0
144,40,4,-,0,+,+,+,0,0
144,42,3,-,0,0,+,0,0,0
144,10,4,+,0,-,-,+,-,+
144,12,5,-,+,+,+,+,+,-
144,47,3,-,0,+,0,0,0,0
144,35,2,-,-,0,-,-,0,0
144,50,4,-,0,+,-,+,0,0
144,29,2,0,-,-,0,0,0,0
150,2,4,-,+,+,0,+,+,+
150,43,3,-,+,+,-,+,-,+
150,34,2,-,+,+,+,+,-,+
150,35,3,,,,-,+,0,0
150,13,3,-,-,+,-,+,+,+
150,5,4,+,+,-,+,+,+,+
150,50,3,-,+,+,-,+,-,-
150,40,3,-,+,+,-,+,-,+
150,47,4,-,-,+,+,+,-,+
150,3,4,+,+,-,+,+,+,+
150,46,3,-,+,+,+,+,+,+
150,10,4,+,+,0,+,+,-,+
150,23,3,-,+,+,+,+,+,+
150,29,4,+,+,-,0,+,-,+
150,15,4,-,+,+,-,+,+,+
150,11,5,+,+,-,-,+,+,+
150,48,3,-,+,+,-,0,-,0
150,30,3,-,-,0,-,0,+,+
150,42,4,-,+,+,+,+,-,+
150,12,4,-,+,+,+,+,+,+
149,48,4,,+,+,-,+,0,0
149,15,5,,+,+,+,+,0,0
149,5,5,+,0,-,+,+,+,0
149,13,3,-,-,+,-,+,+,0
149,11,5,+,+,-,+,+,+,0
149,50,3,-,+,+,0,+,+,0
149,10,4,+,+,-,+,+,+,0
149,42,5,-,+,+,+,+,0,0
149,47,4,-,+,+,+,+,0,0
149,29,3,+,+,+,-,+,+,0
149,2,4,-,+,+,-,+,0,0
149,35,4,-,+,+,0,+,0,0
149,46,3,-,+,0,-,+,0,0
149,12,4,-,-,+,0,+,0,0
149,3,4,+,+,,+,+,0,0
149,43,3,-,-,+,-,+,0,0
149,30,4,-,+,+,0,+,0,0
149,23,3,-,0,+,-,+,0,0
149,34,4,-,+,+,0,+,0,0
149,40,4,-,0,+,+,+,0,0
148,50,2,-,0,+,-,+,0,0
148,29,2,+,0,-,-,-,0,+
148,11,5,+,+,0,+,+,+,+
148,30,3,-,-,+,+,+,0,0
148,35,1,-,+,-,-,0,0,0
148,5,3,0,0,0,0,0,0,0
148,12,4,-,-,+,+,0,+,-
148,42,3,-,0,+,-,+,0,0
148,47,2,-,-,+,+,-,0,0
148,43,1,-,-,0,0,-,+,0
148,23,2,-,0,0,-,-,0,0
148,15,4,-,0,+,-,+,+,0
148,34,3,-,+,+,-,+,+,0
148,2,2,-,0,+,+,-,+,+
148,46,4,-,0,+,+,-,0,+
148,10,5,+,+,-,+,+,+,0
148,48,2,-,-,0,-,-,0,0
148,13,1,-,-,+,-,+,+,-
148,3,3,0,0,0,0,0,0,0
148,40,5,-,-,+,+,+,0,0
147,34,2,+,-,+,-,,-,0
147,11,3,+,0,0,0,,0,-
147,3,2,0,+,0,0,0,,0
147,29,1,+,0,0,+,,0,0
147,10,5,0,0,0,0,0,+,0
147,47,2,0,+,0,0,,-,-
147,35,3,-,+,0,-,0,+,0
147,42,1,0,0,0,0,+,0,0
147,12,3,0,0,0,+,0,-,+
147,30,4,-,+,0,0,0,0,0
147,40,,+,-,0,0,0,0,-
147,50,3,,0,0,0,0,0,0
147,48,3,0,+,0,-,0,+,0
147,5,1,-,0,0,0,0,0,+
147,46,2,0,-,0,+,+,-,0
147,23,2,-,,0,0,0,0,-
147,2,2,+,0,0,-,0,0,0
147,13,3,0,0,0,0,0,0,0
147,43,4,,+,0,+,0,-,+
147,15,3,-,0,0,0,-,0,-
151,10,4,+,+,-,0,+,+,-
151,46,3,-,0,+,0,0,+,0
151,13,2,-,0,+,-,0,+,-
151,50,3,0,+,+,0,0,0,0
151,15,3,-,0,0,-,+,0,0
151,47,4,-,0,+,0,+,0,0
151,12,3,-,0,+,0,0,+,-
151,5,4,+,+,-,+,0,+,-
151,40,3,-,0,+,0,0,0,0
151,34,3,-,0,0,0,0,0,0
151,3,4,+,0,-,+,+,+,-
151,2,2,-,0,+,-,0,0,0
151,35,3,0,0,0,0,0,0,0
151,23,4,-,-,+,+,0,0,0
151,48,3,-,0,0,0,0,0,0
151,30,4,-,0,+,0,+,0,+
151,11,3,+,0,-,-,+,+,-
151,43,5,-,-,+,+,+,0,0
151,29,3,0,0,0,+,0,+,-
151,42,3,-,0,+,0,0,0,0
139,42,3,-,0,+,-,+,0,0
139,40,4,-,+,+,-,+,0,0
139,3,3,+,0,-,0,+,+,0
139,46,4,+,+,0,+,+,+,0
139,12,5,-,0,+,0,+,+,-
139,29,3,-,0,+,0,+,0,0
139,5,3,+,0,-,+,0,0,0
139,34,2,-,0,0,-,0,0,0
139,15,4,-,+,0,0,+,0,0
139,35,5,-,+,+,-,+,0,0
139,23,2,-,0,+,0,0,0,0
139,2,3,-,0,+,0,+,0,0
139,11,4,+,0,-,+,+,0,0
139,13,2,-,-,+,-,+,0,+
139,30,5,-,0,+,0,+,0,0
139,47,3,-,0,+,+,0,0,0
139,43,4,-,+,0,+,0,0,0
139,50,3,-,+,+,-,+,0,0
139,48,4,-,+,0,0,+,0,0
139,10,4,+,0,-,+,+,0,0
158,46,3,0,+,0,0,+,+,0
158,50,4,0,0,+,0,+,+,0
158,30,4,0,0,+,0,+,,+
158,5,4,+,0,0,0,+,+,
158,48,3,0,+,0,0,+,,+
158,35,3,0,+,0,0,+,+,
158,11,4,+,0,0,0,+,+,
158,47,4,0,0,+,+,0,+,
158,12,4,0,+,0,0,+,+,
158,10,4,+,0,0,0,+,+,
158,2,3,0,0,+,0,+,0,+
158,15,4,0,+,0,0,+,+,0
158,3,4,+,0,0,+,0,+,0
158,42,4,0,0,+,0,+,+,0
158,23,3,0,0,0,+,0,,
158,40,4,0,0,+,0,+,0,+
158,13,2,0,0,0,-,0,+,0
158,34,4,0,0,+,+,+,+,+
158,29,3,0,0,0,-,0,-,0
158,43,4,0,0,+,+,0,+,0
159,40,3,-,0,+,0,+,,+
159,11,2,+,0,0,+,+,0,0
159,42,4,-,+,+,0,0,0,0
159,10,1,0,0,0,0,0,0,0
159,13,3,,,,0,0,0,0
159,3,,-,-,+,-,+,0,
159,43,2,-,-,+,0,0,0,0
159,47,2,-,-,+,0,0,0,0
159,50,3,-,-,+,-,+,0,0
159,12,5,+,+,+,0,+,+,0
159,48,4,-,-,+,0,0,0,0
159,5,1,0,0,0,0,0,0,0
159,35,3,-,+,+,+,+,0,0
159,34,3,-,+,+,+,+,0,0
159,15,1,-,+,+,+,+,0,0
159,30,2,-,+,+,+,+,0,0
159,46,5,-,+,+,+,+,0,0
159,29,1,-,+,0,0,0,0,0
159,2,4,-,-,+,+,+,0,0
159,23,2,-,+,+,0,+,0,0
142,2,3,-,0,0,0,+,+,0
142,50,1,0,0,0,-,0,0,0
142,42,5,0,+,+,+,+,0,+
142,12,5,0,+,+,+,+,+,-
142,13,2,-,0,0,-,0,0,0
142,34,4,0,0,+,0,+,+,0
142,23,5,-,0,+,-,+,+,0
142,35,2,-,+,+,+,+,+,0
142,48,1,-,+,0,0,+,+,0
142,46,3,-,+,0,-,-,+,0
142,30,4,-,0,+,0,+,+,0
142,47,4,-,0,+,-,0,0,+
142,43,2,-,0,+,-,-,+,0
142,3,4,+,-,-,0,+,+,0
142,11,5,+,-,-,0,+,+,0
142,29,2,-,+,+,-,-,0,+
142,15,4,-,+,0,-,-,+,0
142,10,5,+,-,-,0,+,0,+
142,40,3,0,0,+,-,+,0,+
142,5,2,+,0,0,0,+,+,0
141,10,4,0,+,-,-,+,0,+
141,46,2,0,0,0,-,0,0,0
141,30,3,0,0,+,-,0,0,0
141,48,3,0,+,0,0,0,+,0
141,29,3,0,0,+,0,0,+,0
141,15,3,0,0,0,-,0,0,0
141,47,2,0,0,+,0,-,0,0
141,50,3,0,+,+,0,+,0,0
141,40,3,0,0,+,0,0,0,0
141,34,4,0,0,+,0,0,+,0
141,43,3,0,0,+,0,0,+,0
141,12,4,0,0,+,-,+,+,0
141,13,3,-,0,+,-,+,+,-
141,23,4,0,0,0,0,0,0,0
141,5,4,+,0,0,-,0,+,0
141,35,3,0,0,0,-,0,0,0
141,3,4,+,0,0,0,0,+,0
141,2,3,0,0,0,-,0,0,0
141,11,4,+,0,0,0,+,0,0
141,42,4,0,0,+,0,0,0,0
140,40,3,-,0,+,-,-,0,0
140,50,3,-,0,0,-,0,0,0
140,3,4,+,0,0,0,+,0,0
140,10,3,+,0,0,0,0,0,0
140,43,4,-,0,+,0,0,0,0
140,48,4,-,+,0,-,0,0,0
140,47,4,-,0,+,-,-,0,0
140,29,5,+,0,0,0,0,0,0
140,5,4,+,0,0,0,+,0,0
140,35,3,-,+,+,-,0,0,0
140,11,4,-,0,0,0,0,0,0
140,34,3,-,0,+,-,0,0,0
140,2,5,-,0,+,-,0,0,0
140,15,4,-,0,0,-,-,0,0
140,23,4,-,0,+,-,-,0,0
140,12,4,-,0,+,0,+,+,-
140,30,4,-,0,+,-,0,0,0
140,13,2,-,0,0,-,-,0,0
140,46,3,-,+,0,0,-,0,0
140,42,4,-,0,+,0,0,0,0
269,35,1,-,+,+,-,-,0,0
269,48,1,-,+,-,-,-,0,0
269,11,3,+,0,-,-,+,0,0
269,43,,-,0,+,0,0,0,0
269,5,2,-,0,+,0,+,0,0
269,34,4,-,0,+,-,0,0,0
269,15,1,-,0,0,-,0,0,0
269,40,5,0,0,+,0,0,0,0
269,13,3,-,0,0,-,0,0,0
269,46,1,-,0,+,-,+,0,0
269,47,4,-,0,+,0,+,0,0
269,3,2,+,0,+,-,+,0,0
269,2,2,-,0,,0,0,0,0
269,42,4,-,0,0,-,0,0,0
269,30,2,-,0,0,0,0,0,0
269,10,1,-,0,+,-,+,0,0
269,12,4,-,0,0,-,+,0,0
269,29,2,-,0,0,0,0,0,0
269,50,1,-,0,+,-,+,0,0
269,23,5,-,0,+,0,0,0,0
270,40,4,0,0,-,-,+,+,-
270,12,3,0,0,+,-,+,+,-
270,15,,0,0,0,-,+,+,-
270,10,4,0,0,0,0,+,+,-
270,13,4,0,0,0,-,0,+,-
270,23,3,0,0,0,-,+,+,-
270,3,1,0,0,0,-,+,+,-
270,50,2,0,0,0,0,0,+,-
270,43,2,0,0,0,0,+,+,-
270,47,2,0,0,0,0,0,+,-
270,30,,0,0,0,0,+,+,-
270,29,3,0,0,0,0,+,+,-
270,2,4,0,0,0,-,+,+,-
270,35,4,0,0,0,0,+,+,-
270,11,4,0,0,0,0,+,+,0
270,5,3,0,0,0,0,+,+,-
270,42,5,0,0,0,0,+,+,0
270,34,5,0,0,0,0,0,+,-
270,46,5,0,0,0,0,+,+,-
270,48,5,0,0,0,0,+,+,-
268,30,4,-,0,+,-,+,0,0
268,3,2,+,0,-,-,+,0,+
268,10,2,+,0,-,-,0,+,0
268,5,1,+,-,-,-,+,+,+
268,29,1,-,-,-,-,-,0,0
268,40,5,-,+,+,+,+,-,+
268,34,3,-,+,0,-,+,+,0
268,42,4,-,-,+,-,+,0,+
268,13,2,-,0,0,-,0,0,0
268,48,3,-,0,0,0,0,-,0
268,23,4,-,+,0,0,+,0,0
268,43,4,-,0,+,-,0,0,0
268,2,3,-,-,+,+,0,0,0
268,15,2,-,+,0,0,0,0,0
268,47,5,-,+,0,+,0,+,0
268,35,2,-,+,0,-,+,+,0
268,50,1,-,+,0,-,0,+,-
268,46,4,-,+,+,-,+,+,0
268,12,5,-,+,+,-,+,+,-
268,11,2,+,0,-,0,0,+,-
173,29,3,-,+,0,0,+,0,+
173,34,4,-,0,+,0,+,+,0
173,30,5,-,+,+,-,+,+,0
173,23,3,-,0,+,+,-,0,0
173,40,3,-,0,0,-,0,0,-
173,48,4,-,0,+,0,+,+,0
173,43,4,-,0,+,-,0,+,0
173,3,4,+,+,-,+,+,+,+
173,10,4,+,+,-,+,+,0,+
173,47,4,-,0,+,0,0,0,0
173,35,3,-,+,+,0,0,+,0
173,50,3,-,+,+,-,0,0,0
173,11,4,+,+,-,0,+,+,+
173,12,4,-,0,+,+,+,+,+
173,15,3,-,+,0,-,-,+,0
173,13,3,-,-,-,-,0,-,+
173,46,4,-,+,0,0,+,+,0
173,2,4,-,0,+,+,+,0,+
173,5,4,+,+,0,+,+,+,0
173,42,4,-,0,+,+,+,-,+
219,15,4,-,+,+,-,+,+,0
219,11,3,+,0,-,0,0,+,0
219,40,4,-,0,+,0,+,0,0
219,46,2,-,+,0,0,0,+,0
219,29,2,-,0,0,-,0,0,0
219,5,3,+,0,-,0,0,0,0
219,48,4,-,+,+,0,+,+,0
219,23,3,-,0,+,+,0,+,0
219,10,3,+,0,-,0,0,+,0
219,30,4,-,0,+,-,+,+,0
219,12,5,-,0,+,-,+,+,0
219,50,3,-,+,+,-,0,0,0
219,2,2,-,0,+,0,+,+,0
219,34,3,-,0,+,-,0,+,0
219,42,4,-,0,+,0,+,0,0
219,3,3,0,0,0,0,0,+,0
219,43,5,-,0,+,+,+,+,0
219,47,4,-,0,+,+,0,0,0
219,35,3,-,0,+,-,+,+,0
219,13,2,-,0,0,-,0,+,0
218,46,2,-,0,0,-,0,+,0
218,3,4,+,+,0,+,+,+,+
218,40,3,-,0,+,0,0,0,0
218,47,3,-,0,0,0,+,0,0
218,2,3,-,-,0,-,-,0,0
218,23,3,-,0,0,-,0,0,0
218,13,2,-,0,-,-,0,0,-
218,48,4,-,0,0,-,+,0,0
218,10,4,+,+,-,+,+,0,0
218,29,2,+,+,-,-,-,0,0
218,34,1,-,-,-,-,-,0,0
218,30,3,-,0,+,0,0,0,0
218,42,4,-,0,+,0,+,0,0
218,35,5,-,+,+,+,+,0,0
218,50,2,-,0,-,0,0,0,0
218,43,1,-,0,0,0,-,0,0
218,15,4,-,0,+,-,0,0,0
218,11,5,+,+,0,+,+,+,-
218,5,3,+,0,0,-,0,0,0
218,12,4,0,+,+,+,+,+,-
217,29,3,0,0,-,0,0,-,0
217,35,4,-,0,0,-,0,0,0
217,30,4,-,0,0,0,0,0,0
217,12,4,-,-,0,0,0,0,-
217,46,4,-,0,-,+,0,0,0
217,10,4,+,0,-,-,0,0,+
217,2,3,-,-,0,0,0,0,0
217,48,4,-,0,-,0,0,0,0
217,11,3,0,-,-,0,0,0,0
217,40,4,0,0,+,+,,0,0
217,42,3,-,-,+,0,0,-,0
217,34,4,-,-,0,+,0,+,0
217,15,4,-,0,-,+,0,0,0
217,5,3,0,-,-,0,0,+,0
217,47,3,-,-,0,0,0,-,0
217,13,4,-,-,0,-,0,0,0
217,23,3,-,-,-,0,0,0,0
217,43,4,-,-,0,+,0,0,0
217,3,3,+,0,-,-,0,+,0
217,50,4,-,0,0,-,0,-,0
216,30,5,-,0,+,0,+,0,0
216,2,4,-,0,0,-,0,0,0
216,29,1,0,0,-,0,0,0,+
216,34,4,-,0,+,0,+,0,0
216,11,5,0,+,-,0,+,0,0
216,35,4,-,0,+,0,+,0,0
216,40,3,-,0,+,0,0,0,0
216,3,4,0,+,-,0,0,0,0
216,23,4,-,0,+,0,0,0,0
216,13,5,-,-,+,-,+,+,-
216,12,5,-,0,0,0,0,+,-
216,43,1,-,0,0,+,0,0,0
216,47,3,-,0,+,0,0,0,0
216,50,3,-,0,+,-,+,+,-
216,48,4,-,0,+,-,+,0,0
216,46,3,-,0,+,0,0,0,0
216,10,4,0,+,-,0,0,0,0
216,15,5,-,0,+,-,+,0,0
216,42,5,-,0,+,0,0,0,0
216,5,5,0,+,0,0,+,0,0
204,50,4,0,+,+,-,+,+,-
204,10,5,+,+,-,+,+,-,+
204,42,4,-,+,+,+,+,-,+
204,15,4,-,+,+,-,+,+,-
204,11,3,+,+,-,0,0,0,0
204,47,4,-,+,+,+,-,+,-
204,30,2,0,0,0,+,+,+,0
204,35,4,-,+,+,+,+,+,0
204,46,3,0,+,+,+,+,+,-
204,5,5,+,+,+,+,0,0,0
204,43,4,-,+,+,+,+,+,-
204,2,4,-,+,+,+,0,+,-
204,29,3,+,-,-,+,+,-,+
204,3,4,+,+,-,+,+,+,+
204,40,2,0,0,0,0,0,0,0
204,23,4,-,+,+,-,+,-,+
204,12,5,-,+,+,-,0,+,-
204,13,4,-,+,+,-,+,-,+
204,34,5,-,+,+,+,+,+,-
204,48,3,-,+,+,+,+,+,-
165,47,3,+,0,-,-,0,0,0
165,2,4,+,+,-,0,+,+,0
165,3,3,0,0,+,-,+,+,0
165,42,4,+,0,-,0,0,0,+
165,15,4,0,0,+,+,0,0,0
165,43,3,0,,,0,+,0,0
165,11,4,-,0,+,-,0,,-
165,34,3,0,-,-,0,0,+,0
165,48,4,-,0,0,+,0,0,+
165,50,4,0,-,+,0,+,+,-
165,12,3,+,0,-,0,-,0,0
165,23,2,-,0,-,-,0,+,+
165,40,3,0,0,+,0,-,0,0
165,30,4,+,+,0,+,0,+,-
165,46,2,0,-,-,0,+,0,0
165,13,2,-,0,+,+,0,0,+
165,29,4,0,0,-,0,0,0,-
165,5,3,-,+,-,0,-,0,0
165,10,2,-,0,+,0,0,0,-
165,35,4,-,0,+,+,0,+,+
211,11,4,+,0,0,0,0,+,0
211,13,2,-,0,0,-,0,0,0
211,2,3,0,0,0,0,0,0,0
211,34,4,0,0,0,0,0,0,0
211,46,3,0,-,+,0,0,0,0
211,12,4,0,+,0,0,+,+,-
211,30,5,0,0,0,+,+,0,0
211,5,4,+,0,0,-,0,+,0
211,3,4,+,0,0,0,0,0,0
211,48,4,-,+,0,+,+,0,0
211,29,3,0,0,0,-,0,0,0
211,10,3,-,0,0,-,0,0,0
211,50,4,0,0,0,0,0,0,0
211,35,2,0,0,0,0,0,0,0
211,43,3,0,-,0,-,-,0,0
211,40,4,0,0,+,0,0,0,0
211,42,4,0,0,0,0,0,+,0
211,15,3,0,0,0,0,+,0,0
211,23,5,0,0,+,+,+,+,0
211,47,5,0,+,+,0,+,0,0
215,15,4,-,-,+,-,+,0,0
215,23,1,-,0,0,0,0,0,0
215,40,3,-,+,+,-,0,0,0
215,30,3,-,+,+,-,0,0,0
215,3,5,+,0,0,-,+,0,0
215,13,1,0,0,0,-,0,0,-
215,48,2,-,0,0,-,0,0,0
215,2,2,-,-,0,-,0,0,0
215,12,5,0,0,+,-,+,+,-
215,42,3,0,0,0,+,0,0,0
215,11,5,+,0,0,-,+,0,0
215,35,2,-,0,0,-,0,0,0
215,34,2,-,0,0,0,0,0,0
215,29,4,0,+,0,-,0,0,0
215,10,5,+,0,0,-,0,0,0
215,43,3,-,0,0,-,0,0,0
215,47,4,-,0,0,+,0,0,0
215,46,5,-,0,0,+,0,0,0
215,5,5,0,0,0,-,0,0,0
215,50,1,-,0,0,-,0,0,0
181,48,3,-,0,0,-,0,0,0
181,40,3,-,0,0,-,0,0,0
181,43,3,-,0,0,0,0,+,0
181,13,3,0,0,0,-,0,+,-
181,35,5,0,0,0,0,+,+,0
181,34,4,-,0,0,0,0,+,0
181,5,5,+,0,-,0,0,0,0
181,3,5,0,0,0,0,0,0,0
181,29,4,0,+,0,0,0,0,0
181,30,3,-,0,0,0,0,0,0
181,10,5,+,0,-,0,0,0,0
181,15,5,-,0,0,0,0,0,0
181,2,5,-,0,+,0,0,0,0
181,23,5,-,0,0,-,+,0,0
181,47,5,-,0,0,0,0,0,0
181,46,3,0,0,0,0,0,+,-
181,42,5,-,0,0,0,0,0,0
181,12,5,0,0,0,+,0,+,-
181,11,5,+,0,0,-,0,0,0
181,50,3,-,0,0,-,0,+,-
182,2,3,-,0,+,0,0,-,+
182,5,5,0,+,-,-,+,+,0
182,13,3,-,-,+,0,+,+,0
182,48,5,-,+,+,-,0,0,0
182,12,5,-,0,+,-,+,+,+
182,15,3,-,0,0,0,0,-,+
182,50,3,-,-,-,-,-,0,0
182,30,4,-,0,0,+,0,0,0
182,23,3,-,0,0,0,0,0,0
182,11,5,+,+,-,-,+,+,0
182,47,3,-,0,0,+,0,0,0
182,34,4,-,0,0,0,+,0,0
182,3,5,+,+,-,-,+,+,-
182,46,4,-,0,+,+,+,0,0
182,43,4,-,+,0,+,+,0,0
182,35,4,-,0,0,+,0,0,0
182,40,4,-,0,+,+,+,0,0
182,29,4,0,0,0,-,+,+,+
182,10,5,+,+,-,-,+,+,-
182,42,4,-,0,+,+,0,0,0
184,30,5,0,+,+,0,+,+,0
184,50,3,0,+,+,-,+,0,-
184,43,2,0,0,0,0,+,0,0
184,35,4,0,0,0,-,0,0,0
184,40,3,0,0,0,0,0,0,0
184,29,2,+,0,0,-,0,0,0
184,47,3,0,0,0,0,0,0,0
184,13,1,-,0,0,-,0,0,0
184,10,3,+,+,0,0,+,0,0
184,23,4,-,+,+,+,+,0,0
184,5,3,+,0,0,0,+,0,0
184,42,4,0,+,+,0,0,0,0
184,3,4,0,+,,0,+,0,0
184,34,4,0,+,+,+,+,0,0
184,46,1,0,+,+,+,+,0,0
184,2,1,0,+,+,+,+,0,0
184,48,4,0,+,+,0,+,0,0
184,12,3,0,0,+,+,0,0,0
184,15,4,0,+,+,+,+,0,0
184,11,5,+,0,0,-,+,0,0
185,3,5,+,+,-,0,+,+,0
185,10,5,0,+,0,0,+,0,0
185,12,4,-,+,0,0,+,+,-
185,35,4,0,0,+,0,+,+,0
185,5,5,0,+,0,0,+,+,0
185,50,3,-,0,0,-,0,+,0
185,30,5,0,+,+,-,+,0,0
185,2,5,-,0,+,+,+,0,0
185,34,4,-,0,0,+,+,+,0
185,13,3,-,-,-,-,0,0,0
185,43,4,-,0,+,+,+,0,0
185,15,4,-,0,+,-,+,0,0
185,40,4,-,0,+,+,+,0,0
185,47,3,-,0,+,-,0,0,0
185,11,4,+,+,0,+,+,0,0
185,29,4,-,0,+,0,+,0,0
185,23,3,-,0,0,0,0,0,0
185,48,3,-,0,+,-,0,0,0
185,42,4,-,0,+,0,0,0,0
185,46,3,-,0,0,0,0,0,0
138,2,4,-,+,+,0,+,+,+
138,47,2,-,+,+,-,-,-,+
138,50,4,-,0,+,-,+,+,+
138,23,3,-,+,+,-,-,+,+
138,15,5,-,0,+,-,+,+,+
138,12,3,-,-,-,+,-,+,+
138,30,4,-,-,+,+,+,+,+
138,11,3,+,+,-,+,-,+,+
138,35,4,-,+,+,-,+,+,+
138,48,3,-,+,+,-,+,+,+
138,3,4,+,+,-,+,+,+,+
138,13,3,-,0,+,-,+,+,+
138,5,4,+,+,-,+,+,+,+
138,34,1,-,-,-,-,-,+,+
138,40,2,-,-,-,-,,+,+
138,43,2,-,-,+,-,-,+,+
138,10,3,+,+,-,+,+,+,+
138,42,4,-,-,+,-,+,+,+
138,46,4,-,+,+,-,+,+,+
138,29,3,+,+,-,+,+,+,+
160,11,5,+,+,-,-,+,+,0
160,13,2,-,-,-,-,-,+,0
160,34,4,-,-,+,-,+,0,0
160,48,4,-,+,-,-,+,+,-
160,40,4,-,-,+,-,+,-,+
160,35,5,-,+,+,-,+,+,-
160,50,2,-,+,+,-,+,-,+
160,5,4,+,+,-,-,+,+,-
160,47,5,-,-,+,+,+,-,+
160,15,2,-,+,-,-,+,+,-
160,3,,+,+,-,-,+,+,-
160,29,3,-,+,-,+,-,-,+
160,10,5,+,-,-,-,+,-,
160,2,4,-,-,+,-,-,+,-
160,30,2,-,0,+,-,+,+,-
160,42,4,-,0,+,-,+,-,+
160,43,,-,0,+,+,-,+,-
160,23,,-,0,+,+,+,+,-
160,12,4,-,0,+,-,+,+,-
160,46,3,-,+,-,,-,+,-
203,50,5,+,+,+,-,+,0,0
203,23,5,0,+,+,+,+,0,0
203,30,4,-,+,+,0,+,0,0
203,46,2,0,-,+,0,-,0,0
203,13,5,+,+,+,-,+,0,0
203,43,3,-,0,+,0,0,0,0
203,29,1,+,+,-,-,0,0,0
203,12,3,-,0,+,0,+,+,-
203,11,5,+,+,-,0,+,0,0
203,42,4,-,0,+,+,+,0,0
203,40,4,-,0,+,+,+,0,0
203,47,4,-,0,+,0,+,0,0
203,48,3,0,+,+,-,+,0,0
203,3,4,+,+,-,0,+,+,+
203,15,4,0,+,+,-,+,0,0
203,2,3,0,0,+,0,0,0,0
203,5,4,+,+,0,0,+,0,0
203,34,3,0,+,+,-,0,0,0
203,10,4,+,+,0,-,+,0,0
203,35,4,0,+,+,0,+,0,0
202,47,3,-,+,0,+,+,0,0
202,10,3,+,+,0,0,+,0,0
202,46,2,0,0,0,+,-,0,0
202,42,5,-,+,+,+,+,0,0
202,3,4,+,+,0,+,+,0,0
202,35,1,-,+,+,0,0,0,0
202,34,3,-,+,+,+,+,0,0
202,23,1,-,0,0,0,0,0,0
202,43,5,-,0,+,0,+,0,0
202,50,1,-,0,+,0,0,0,0
202,30,5,-,0,+,0,+,0,0
202,48,4,-,+,0,0,+,0,0
202,5,5,+,+,+,+,+,0,0
202,15,2,0,+,0,0,0,0,0
202,29,2,0,0,0,0,0,0,0
202,2,3,-,-,+,+,-,0,0
202,12,5,-,+,+,+,+,+,-
202,13,2,-,-,+,-,0,+,-
202,40,5,-,-,+,+,+,0,0
202,11,5,+,0,0,+,+,0,0
201,48,4,-,0,+,-,+,0,0
201,3,3,+,+,-,-,+,0,0
201,23,3,-,-,+,-,+,0,0
201,13,4,-,-,+,-,+,0,0
201,40,1,-,-,0,-,-,0,0
201,46,5,-,-,+,+,+,0,0
201,15,3,-,+,-,0,0,0,0
201,11,4,+,+,-,+,+,0,0
201,30,4,-,-,+,0,+,0,0
201,12,5,-,+,+,0,+,+,-
201,2,3,-,0,0,-,0,0,0
201,10,3,+,+,0,-,+,0,0
201,29,3,+,+,-,0,+,0,0
201,50,2,-,+,0,-,0,0,0
201,42,4,-,+,+,0,+,0,0
201,5,3,0,0,-,-,+,0,0
201,34,2,-,0,0,-,0,0,0
201,35,4,-,0,+,-,+,0,0
201,47,3,-,-,+,-,0,0,0
201,43,4,-,0,+,+,+,0,0
200,35,3,-,0,+,-,0,+,-
200,50,1,0,0,0,-,0,0,0
200,15,3,0,+,0,0,0,0,0
200,40,4,0,0,+,0,+,-,+
200,29,2,0,0,0,+,0,-,+
200,46,3,0,+,0,0,0,+,0
200,48,3,0,0,0,0,0,-,
200,10,,,,,,,,
200,3,,,,,,,,
200,11,5,+,+,0,0,+,0,0
200,34,1,0,0,+,0,0,0,0
200,2,5,0,0,+,+,+,+,-
200,42,4,0,0,+,+,+,+,-
200,12,4,0,0,+,+,+,+,-
200,30,3,0,0,+,0,+,+,-
200,5,4,+,0,0,+,+,+,-
200,13,2,0,0,+,-,0,0,0
200,43,4,0,0,0,+,+,+,-
200,23,3,0,0,+,0,0,0,0
200,47,4,0,0,+,0,0,0,+
162,50,1,-,0,+,-,0,0,0
162,12,5,-,0,+,0,+,+,-
162,30,2,-,0,+,+,+,+,0
162,11,4,0,+,-,-,+,+,0
162,40,3,-,0,+,0,+,+,0
162,5,4,0,+,-,-,+,+,0
162,43,2,-,0,+,0,-,+,0
162,29,1,-,0,-,-,0,+,0
162,10,2,0,0,-,-,+,+,0
162,47,1,-,0,-,-,0,0,0
162,3,2,0,+,-,-,+,+,0
162,15,4,0,+,+,0,+,+,0
162,48,4,-,0,+,-,+,+,0
162,35,2,-,0,+,-,+,+,0
162,42,4,-,0,+,+,+,+,0
162,2,4,-,0,+,+,+,0,0
162,23,2,-,0,+,0,+,0,0
162,46,4,-,0,+,0,+,0,0
162,34,1,-,0,+,-,+,+,0
162,13,1,-,0,0,-,+,+,0
161,15,3,-,+,+,0,+,0,0
161,30,4,-,+,+,+,+,+,+
161,40,4,-,0,+,0,+,0,0
161,5,4,+,+,-,-,+,+,0
161,23,3,-,0,+,0,+,+,+
161,46,4,-,+,+,+,+,+,0
161,10,4,+,+,-,-,+,+,0
161,50,3,-,+,-,-,0,0,+
161,34,4,-,-,+,0,+,0,0
161,2,,-,0,+,-,0,-,0
161,43,4,-,-,+,+,0,+,0
161,3,3,+,0,-,0,+,+,+
161,48,3,-,+,0,-,0,0,0
161,11,,+,+,-,-,+,0,+
161,12,5,-,+,0,0,+,+,-
161,42,4,-,+,+,+,+,0,0
161,47,4,-,0,+,+,+,0,0
161,35,3,-,+,0,-,+,0,0
161,13,2,-,-,+,-,0,-,0
161,29,3,+,-,-,-,0,0,0
